name,type,direction,description
feat_0000,integer,,Morgan fingerprint bit index 0
feat_0001,integer,,Morgan fingerprint bit index 1
feat_0002,integer,,Morgan fingerprint bit index 2
feat_0003,integer,,Morgan fingerprint bit index 3
feat_0004,integer,,Morgan fingerprint bit index 4
feat_0005,integer,,Morgan fingerprint bit index 5
feat_0006,integer,,Morgan fingerprint bit index 6
feat_0007,integer,,Morgan fingerprint bit index 7
feat_0008,integer,,Morgan fingerprint bit index 8
feat_0009,integer,,Morgan fingerprint bit index 9
feat_0010,integer,,Morgan fingerprint bit index 10
feat_0011,integer,,Morgan fingerprint bit index 11
feat_0012,integer,,Morgan fingerprint bit index 12
feat_0013,integer,,Morgan fingerprint bit index 13
feat_0014,integer,,Morgan fingerprint bit index 14
feat_0015,integer,,Morgan fingerprint bit index 15
feat_0016,integer,,Morgan fingerprint bit index 16
feat_0017,integer,,Morgan fingerprint bit index 17
feat_0018,integer,,Morgan fingerprint bit index 18
feat_0019,integer,,Morgan fingerprint bit index 19
feat_0020,integer,,Morgan fingerprint bit index 20
feat_0021,integer,,Morgan fingerprint bit index 21
feat_0022,integer,,Morgan fingerprint bit index 22
feat_0023,integer,,Morgan fingerprint bit index 23
feat_0024,integer,,Morgan fingerprint bit index 24
feat_0025,integer,,Morgan fingerprint bit index 25
feat_0026,integer,,Morgan fingerprint bit index 26
feat_0027,integer,,Morgan fingerprint bit index 27
feat_0028,integer,,Morgan fingerprint bit index 28
feat_0029,integer,,Morgan fingerprint bit index 29
feat_0030,integer,,Morgan fingerprint bit index 30
feat_0031,integer,,Morgan fingerprint bit index 31
feat_0032,integer,,Morgan fingerprint bit index 32
feat_0033,integer,,Morgan fingerprint bit index 33
feat_0034,integer,,Morgan fingerprint bit index 34
feat_0035,integer,,Morgan fingerprint bit index 35
feat_0036,integer,,Morgan fingerprint bit index 36
feat_0037,integer,,Morgan fingerprint bit index 37
feat_0038,integer,,Morgan fingerprint bit index 38
feat_0039,integer,,Morgan fingerprint bit index 39
feat_0040,integer,,Morgan fingerprint bit index 40
feat_0041,integer,,Morgan fingerprint bit index 41
feat_0042,integer,,Morgan fingerprint bit index 42
feat_0043,integer,,Morgan fingerprint bit index 43
feat_0044,integer,,Morgan fingerprint bit index 44
feat_0045,integer,,Morgan fingerprint bit index 45
feat_0046,integer,,Morgan fingerprint bit index 46
feat_0047,integer,,Morgan fingerprint bit index 47
feat_0048,integer,,Morgan fingerprint bit index 48
feat_0049,integer,,Morgan fingerprint bit index 49
feat_0050,integer,,Morgan fingerprint bit index 50
feat_0051,integer,,Morgan fingerprint bit index 51
feat_0052,integer,,Morgan fingerprint bit index 52
feat_0053,integer,,Morgan fingerprint bit index 53
feat_0054,integer,,Morgan fingerprint bit index 54
feat_0055,integer,,Morgan fingerprint bit index 55
feat_0056,integer,,Morgan fingerprint bit index 56
feat_0057,integer,,Morgan fingerprint bit index 57
feat_0058,integer,,Morgan fingerprint bit index 58
feat_0059,integer,,Morgan fingerprint bit index 59
feat_0060,integer,,Morgan fingerprint bit index 60
feat_0061,integer,,Morgan fingerprint bit index 61
feat_0062,integer,,Morgan fingerprint bit index 62
feat_0063,integer,,Morgan fingerprint bit index 63
feat_0064,integer,,Morgan fingerprint bit index 64
feat_0065,integer,,Morgan fingerprint bit index 65
feat_0066,integer,,Morgan fingerprint bit index 66
feat_0067,integer,,Morgan fingerprint bit index 67
feat_0068,integer,,Morgan fingerprint bit index 68
feat_0069,integer,,Morgan fingerprint bit index 69
feat_0070,integer,,Morgan fingerprint bit index 70
feat_0071,integer,,Morgan fingerprint bit index 71
feat_0072,integer,,Morgan fingerprint bit index 72
feat_0073,integer,,Morgan fingerprint bit index 73
feat_0074,integer,,Morgan fingerprint bit index 74
feat_0075,integer,,Morgan fingerprint bit index 75
feat_0076,integer,,Morgan fingerprint bit index 76
feat_0077,integer,,Morgan fingerprint bit index 77
feat_0078,integer,,Morgan fingerprint bit index 78
feat_0079,integer,,Morgan fingerprint bit index 79
feat_0080,integer,,Morgan fingerprint bit index 80
feat_0081,integer,,Morgan fingerprint bit index 81
feat_0082,integer,,Morgan fingerprint bit index 82
feat_0083,integer,,Morgan fingerprint bit index 83
feat_0084,integer,,Morgan fingerprint bit index 84
feat_0085,integer,,Morgan fingerprint bit index 85
feat_0086,integer,,Morgan fingerprint bit index 86
feat_0087,integer,,Morgan fingerprint bit index 87
feat_0088,integer,,Morgan fingerprint bit index 88
feat_0089,integer,,Morgan fingerprint bit index 89
feat_0090,integer,,Morgan fingerprint bit index 90
feat_0091,integer,,Morgan fingerprint bit index 91
feat_0092,integer,,Morgan fingerprint bit index 92
feat_0093,integer,,Morgan fingerprint bit index 93
feat_0094,integer,,Morgan fingerprint bit index 94
feat_0095,integer,,Morgan fingerprint bit index 95
feat_0096,integer,,Morgan fingerprint bit index 96
feat_0097,integer,,Morgan fingerprint bit index 97
feat_0098,integer,,Morgan fingerprint bit index 98
feat_0099,integer,,Morgan fingerprint bit index 99
feat_0100,integer,,Morgan fingerprint bit index 100
feat_0101,integer,,Morgan fingerprint bit index 101
feat_0102,integer,,Morgan fingerprint bit index 102
feat_0103,integer,,Morgan fingerprint bit index 103
feat_0104,integer,,Morgan fingerprint bit index 104
feat_0105,integer,,Morgan fingerprint bit index 105
feat_0106,integer,,Morgan fingerprint bit index 106
feat_0107,integer,,Morgan fingerprint bit index 107
feat_0108,integer,,Morgan fingerprint bit index 108
feat_0109,integer,,Morgan fingerprint bit index 109
feat_0110,integer,,Morgan fingerprint bit index 110
feat_0111,integer,,Morgan fingerprint bit index 111
feat_0112,integer,,Morgan fingerprint bit index 112
feat_0113,integer,,Morgan fingerprint bit index 113
feat_0114,integer,,Morgan fingerprint bit index 114
feat_0115,integer,,Morgan fingerprint bit index 115
feat_0116,integer,,Morgan fingerprint bit index 116
feat_0117,integer,,Morgan fingerprint bit index 117
feat_0118,integer,,Morgan fingerprint bit index 118
feat_0119,integer,,Morgan fingerprint bit index 119
feat_0120,integer,,Morgan fingerprint bit index 120
feat_0121,integer,,Morgan fingerprint bit index 121
feat_0122,integer,,Morgan fingerprint bit index 122
feat_0123,integer,,Morgan fingerprint bit index 123
feat_0124,integer,,Morgan fingerprint bit index 124
feat_0125,integer,,Morgan fingerprint bit index 125
feat_0126,integer,,Morgan fingerprint bit index 126
feat_0127,integer,,Morgan fingerprint bit index 127
feat_0128,integer,,Morgan fingerprint bit index 128
feat_0129,integer,,Morgan fingerprint bit index 129
feat_0130,integer,,Morgan fingerprint bit index 130
feat_0131,integer,,Morgan fingerprint bit index 131
feat_0132,integer,,Morgan fingerprint bit index 132
feat_0133,integer,,Morgan fingerprint bit index 133
feat_0134,integer,,Morgan fingerprint bit index 134
feat_0135,integer,,Morgan fingerprint bit index 135
feat_0136,integer,,Morgan fingerprint bit index 136
feat_0137,integer,,Morgan fingerprint bit index 137
feat_0138,integer,,Morgan fingerprint bit index 138
feat_0139,integer,,Morgan fingerprint bit index 139
feat_0140,integer,,Morgan fingerprint bit index 140
feat_0141,integer,,Morgan fingerprint bit index 141
feat_0142,integer,,Morgan fingerprint bit index 142
feat_0143,integer,,Morgan fingerprint bit index 143
feat_0144,integer,,Morgan fingerprint bit index 144
feat_0145,integer,,Morgan fingerprint bit index 145
feat_0146,integer,,Morgan fingerprint bit index 146
feat_0147,integer,,Morgan fingerprint bit index 147
feat_0148,integer,,Morgan fingerprint bit index 148
feat_0149,integer,,Morgan fingerprint bit index 149
feat_0150,integer,,Morgan fingerprint bit index 150
feat_0151,integer,,Morgan fingerprint bit index 151
feat_0152,integer,,Morgan fingerprint bit index 152
feat_0153,integer,,Morgan fingerprint bit index 153
feat_0154,integer,,Morgan fingerprint bit index 154
feat_0155,integer,,Morgan fingerprint bit index 155
feat_0156,integer,,Morgan fingerprint bit index 156
feat_0157,integer,,Morgan fingerprint bit index 157
feat_0158,integer,,Morgan fingerprint bit index 158
feat_0159,integer,,Morgan fingerprint bit index 159
feat_0160,integer,,Morgan fingerprint bit index 160
feat_0161,integer,,Morgan fingerprint bit index 161
feat_0162,integer,,Morgan fingerprint bit index 162
feat_0163,integer,,Morgan fingerprint bit index 163
feat_0164,integer,,Morgan fingerprint bit index 164
feat_0165,integer,,Morgan fingerprint bit index 165
feat_0166,integer,,Morgan fingerprint bit index 166
feat_0167,integer,,Morgan fingerprint bit index 167
feat_0168,integer,,Morgan fingerprint bit index 168
feat_0169,integer,,Morgan fingerprint bit index 169
feat_0170,integer,,Morgan fingerprint bit index 170
feat_0171,integer,,Morgan fingerprint bit index 171
feat_0172,integer,,Morgan fingerprint bit index 172
feat_0173,integer,,Morgan fingerprint bit index 173
feat_0174,integer,,Morgan fingerprint bit index 174
feat_0175,integer,,Morgan fingerprint bit index 175
feat_0176,integer,,Morgan fingerprint bit index 176
feat_0177,integer,,Morgan fingerprint bit index 177
feat_0178,integer,,Morgan fingerprint bit index 178
feat_0179,integer,,Morgan fingerprint bit index 179
feat_0180,integer,,Morgan fingerprint bit index 180
feat_0181,integer,,Morgan fingerprint bit index 181
feat_0182,integer,,Morgan fingerprint bit index 182
feat_0183,integer,,Morgan fingerprint bit index 183
feat_0184,integer,,Morgan fingerprint bit index 184
feat_0185,integer,,Morgan fingerprint bit index 185
feat_0186,integer,,Morgan fingerprint bit index 186
feat_0187,integer,,Morgan fingerprint bit index 187
feat_0188,integer,,Morgan fingerprint bit index 188
feat_0189,integer,,Morgan fingerprint bit index 189
feat_0190,integer,,Morgan fingerprint bit index 190
feat_0191,integer,,Morgan fingerprint bit index 191
feat_0192,integer,,Morgan fingerprint bit index 192
feat_0193,integer,,Morgan fingerprint bit index 193
feat_0194,integer,,Morgan fingerprint bit index 194
feat_0195,integer,,Morgan fingerprint bit index 195
feat_0196,integer,,Morgan fingerprint bit index 196
feat_0197,integer,,Morgan fingerprint bit index 197
feat_0198,integer,,Morgan fingerprint bit index 198
feat_0199,integer,,Morgan fingerprint bit index 199
feat_0200,integer,,Morgan fingerprint bit index 200
feat_0201,integer,,Morgan fingerprint bit index 201
feat_0202,integer,,Morgan fingerprint bit index 202
feat_0203,integer,,Morgan fingerprint bit index 203
feat_0204,integer,,Morgan fingerprint bit index 204
feat_0205,integer,,Morgan fingerprint bit index 205
feat_0206,integer,,Morgan fingerprint bit index 206
feat_0207,integer,,Morgan fingerprint bit index 207
feat_0208,integer,,Morgan fingerprint bit index 208
feat_0209,integer,,Morgan fingerprint bit index 209
feat_0210,integer,,Morgan fingerprint bit index 210
feat_0211,integer,,Morgan fingerprint bit index 211
feat_0212,integer,,Morgan fingerprint bit index 212
feat_0213,integer,,Morgan fingerprint bit index 213
feat_0214,integer,,Morgan fingerprint bit index 214
feat_0215,integer,,Morgan fingerprint bit index 215
feat_0216,integer,,Morgan fingerprint bit index 216
feat_0217,integer,,Morgan fingerprint bit index 217
feat_0218,integer,,Morgan fingerprint bit index 218
feat_0219,integer,,Morgan fingerprint bit index 219
feat_0220,integer,,Morgan fingerprint bit index 220
feat_0221,integer,,Morgan fingerprint bit index 221
feat_0222,integer,,Morgan fingerprint bit index 222
feat_0223,integer,,Morgan fingerprint bit index 223
feat_0224,integer,,Morgan fingerprint bit index 224
feat_0225,integer,,Morgan fingerprint bit index 225
feat_0226,integer,,Morgan fingerprint bit index 226
feat_0227,integer,,Morgan fingerprint bit index 227
feat_0228,integer,,Morgan fingerprint bit index 228
feat_0229,integer,,Morgan fingerprint bit index 229
feat_0230,integer,,Morgan fingerprint bit index 230
feat_0231,integer,,Morgan fingerprint bit index 231
feat_0232,integer,,Morgan fingerprint bit index 232
feat_0233,integer,,Morgan fingerprint bit index 233
feat_0234,integer,,Morgan fingerprint bit index 234
feat_0235,integer,,Morgan fingerprint bit index 235
feat_0236,integer,,Morgan fingerprint bit index 236
feat_0237,integer,,Morgan fingerprint bit index 237
feat_0238,integer,,Morgan fingerprint bit index 238
feat_0239,integer,,Morgan fingerprint bit index 239
feat_0240,integer,,Morgan fingerprint bit index 240
feat_0241,integer,,Morgan fingerprint bit index 241
feat_0242,integer,,Morgan fingerprint bit index 242
feat_0243,integer,,Morgan fingerprint bit index 243
feat_0244,integer,,Morgan fingerprint bit index 244
feat_0245,integer,,Morgan fingerprint bit index 245
feat_0246,integer,,Morgan fingerprint bit index 246
feat_0247,integer,,Morgan fingerprint bit index 247
feat_0248,integer,,Morgan fingerprint bit index 248
feat_0249,integer,,Morgan fingerprint bit index 249
feat_0250,integer,,Morgan fingerprint bit index 250
feat_0251,integer,,Morgan fingerprint bit index 251
feat_0252,integer,,Morgan fingerprint bit index 252
feat_0253,integer,,Morgan fingerprint bit index 253
feat_0254,integer,,Morgan fingerprint bit index 254
feat_0255,integer,,Morgan fingerprint bit index 255
feat_0256,integer,,Morgan fingerprint bit index 256
feat_0257,integer,,Morgan fingerprint bit index 257
feat_0258,integer,,Morgan fingerprint bit index 258
feat_0259,integer,,Morgan fingerprint bit index 259
feat_0260,integer,,Morgan fingerprint bit index 260
feat_0261,integer,,Morgan fingerprint bit index 261
feat_0262,integer,,Morgan fingerprint bit index 262
feat_0263,integer,,Morgan fingerprint bit index 263
feat_0264,integer,,Morgan fingerprint bit index 264
feat_0265,integer,,Morgan fingerprint bit index 265
feat_0266,integer,,Morgan fingerprint bit index 266
feat_0267,integer,,Morgan fingerprint bit index 267
feat_0268,integer,,Morgan fingerprint bit index 268
feat_0269,integer,,Morgan fingerprint bit index 269
feat_0270,integer,,Morgan fingerprint bit index 270
feat_0271,integer,,Morgan fingerprint bit index 271
feat_0272,integer,,Morgan fingerprint bit index 272
feat_0273,integer,,Morgan fingerprint bit index 273
feat_0274,integer,,Morgan fingerprint bit index 274
feat_0275,integer,,Morgan fingerprint bit index 275
feat_0276,integer,,Morgan fingerprint bit index 276
feat_0277,integer,,Morgan fingerprint bit index 277
feat_0278,integer,,Morgan fingerprint bit index 278
feat_0279,integer,,Morgan fingerprint bit index 279
feat_0280,integer,,Morgan fingerprint bit index 280
feat_0281,integer,,Morgan fingerprint bit index 281
feat_0282,integer,,Morgan fingerprint bit index 282
feat_0283,integer,,Morgan fingerprint bit index 283
feat_0284,integer,,Morgan fingerprint bit index 284
feat_0285,integer,,Morgan fingerprint bit index 285
feat_0286,integer,,Morgan fingerprint bit index 286
feat_0287,integer,,Morgan fingerprint bit index 287
feat_0288,integer,,Morgan fingerprint bit index 288
feat_0289,integer,,Morgan fingerprint bit index 289
feat_0290,integer,,Morgan fingerprint bit index 290
feat_0291,integer,,Morgan fingerprint bit index 291
feat_0292,integer,,Morgan fingerprint bit index 292
feat_0293,integer,,Morgan fingerprint bit index 293
feat_0294,integer,,Morgan fingerprint bit index 294
feat_0295,integer,,Morgan fingerprint bit index 295
feat_0296,integer,,Morgan fingerprint bit index 296
feat_0297,integer,,Morgan fingerprint bit index 297
feat_0298,integer,,Morgan fingerprint bit index 298
feat_0299,integer,,Morgan fingerprint bit index 299
feat_0300,integer,,Morgan fingerprint bit index 300
feat_0301,integer,,Morgan fingerprint bit index 301
feat_0302,integer,,Morgan fingerprint bit index 302
feat_0303,integer,,Morgan fingerprint bit index 303
feat_0304,integer,,Morgan fingerprint bit index 304
feat_0305,integer,,Morgan fingerprint bit index 305
feat_0306,integer,,Morgan fingerprint bit index 306
feat_0307,integer,,Morgan fingerprint bit index 307
feat_0308,integer,,Morgan fingerprint bit index 308
feat_0309,integer,,Morgan fingerprint bit index 309
feat_0310,integer,,Morgan fingerprint bit index 310
feat_0311,integer,,Morgan fingerprint bit index 311
feat_0312,integer,,Morgan fingerprint bit index 312
feat_0313,integer,,Morgan fingerprint bit index 313
feat_0314,integer,,Morgan fingerprint bit index 314
feat_0315,integer,,Morgan fingerprint bit index 315
feat_0316,integer,,Morgan fingerprint bit index 316
feat_0317,integer,,Morgan fingerprint bit index 317
feat_0318,integer,,Morgan fingerprint bit index 318
feat_0319,integer,,Morgan fingerprint bit index 319
feat_0320,integer,,Morgan fingerprint bit index 320
feat_0321,integer,,Morgan fingerprint bit index 321
feat_0322,integer,,Morgan fingerprint bit index 322
feat_0323,integer,,Morgan fingerprint bit index 323
feat_0324,integer,,Morgan fingerprint bit index 324
feat_0325,integer,,Morgan fingerprint bit index 325
feat_0326,integer,,Morgan fingerprint bit index 326
feat_0327,integer,,Morgan fingerprint bit index 327
feat_0328,integer,,Morgan fingerprint bit index 328
feat_0329,integer,,Morgan fingerprint bit index 329
feat_0330,integer,,Morgan fingerprint bit index 330
feat_0331,integer,,Morgan fingerprint bit index 331
feat_0332,integer,,Morgan fingerprint bit index 332
feat_0333,integer,,Morgan fingerprint bit index 333
feat_0334,integer,,Morgan fingerprint bit index 334
feat_0335,integer,,Morgan fingerprint bit index 335
feat_0336,integer,,Morgan fingerprint bit index 336
feat_0337,integer,,Morgan fingerprint bit index 337
feat_0338,integer,,Morgan fingerprint bit index 338
feat_0339,integer,,Morgan fingerprint bit index 339
feat_0340,integer,,Morgan fingerprint bit index 340
feat_0341,integer,,Morgan fingerprint bit index 341
feat_0342,integer,,Morgan fingerprint bit index 342
feat_0343,integer,,Morgan fingerprint bit index 343
feat_0344,integer,,Morgan fingerprint bit index 344
feat_0345,integer,,Morgan fingerprint bit index 345
feat_0346,integer,,Morgan fingerprint bit index 346
feat_0347,integer,,Morgan fingerprint bit index 347
feat_0348,integer,,Morgan fingerprint bit index 348
feat_0349,integer,,Morgan fingerprint bit index 349
feat_0350,integer,,Morgan fingerprint bit index 350
feat_0351,integer,,Morgan fingerprint bit index 351
feat_0352,integer,,Morgan fingerprint bit index 352
feat_0353,integer,,Morgan fingerprint bit index 353
feat_0354,integer,,Morgan fingerprint bit index 354
feat_0355,integer,,Morgan fingerprint bit index 355
feat_0356,integer,,Morgan fingerprint bit index 356
feat_0357,integer,,Morgan fingerprint bit index 357
feat_0358,integer,,Morgan fingerprint bit index 358
feat_0359,integer,,Morgan fingerprint bit index 359
feat_0360,integer,,Morgan fingerprint bit index 360
feat_0361,integer,,Morgan fingerprint bit index 361
feat_0362,integer,,Morgan fingerprint bit index 362
feat_0363,integer,,Morgan fingerprint bit index 363
feat_0364,integer,,Morgan fingerprint bit index 364
feat_0365,integer,,Morgan fingerprint bit index 365
feat_0366,integer,,Morgan fingerprint bit index 366
feat_0367,integer,,Morgan fingerprint bit index 367
feat_0368,integer,,Morgan fingerprint bit index 368
feat_0369,integer,,Morgan fingerprint bit index 369
feat_0370,integer,,Morgan fingerprint bit index 370
feat_0371,integer,,Morgan fingerprint bit index 371
feat_0372,integer,,Morgan fingerprint bit index 372
feat_0373,integer,,Morgan fingerprint bit index 373
feat_0374,integer,,Morgan fingerprint bit index 374
feat_0375,integer,,Morgan fingerprint bit index 375
feat_0376,integer,,Morgan fingerprint bit index 376
feat_0377,integer,,Morgan fingerprint bit index 377
feat_0378,integer,,Morgan fingerprint bit index 378
feat_0379,integer,,Morgan fingerprint bit index 379
feat_0380,integer,,Morgan fingerprint bit index 380
feat_0381,integer,,Morgan fingerprint bit index 381
feat_0382,integer,,Morgan fingerprint bit index 382
feat_0383,integer,,Morgan fingerprint bit index 383
feat_0384,integer,,Morgan fingerprint bit index 384
feat_0385,integer,,Morgan fingerprint bit index 385
feat_0386,integer,,Morgan fingerprint bit index 386
feat_0387,integer,,Morgan fingerprint bit index 387
feat_0388,integer,,Morgan fingerprint bit index 388
feat_0389,integer,,Morgan fingerprint bit index 389
feat_0390,integer,,Morgan fingerprint bit index 390
feat_0391,integer,,Morgan fingerprint bit index 391
feat_0392,integer,,Morgan fingerprint bit index 392
feat_0393,integer,,Morgan fingerprint bit index 393
feat_0394,integer,,Morgan fingerprint bit index 394
feat_0395,integer,,Morgan fingerprint bit index 395
feat_0396,integer,,Morgan fingerprint bit index 396
feat_0397,integer,,Morgan fingerprint bit index 397
feat_0398,integer,,Morgan fingerprint bit index 398
feat_0399,integer,,Morgan fingerprint bit index 399
feat_0400,integer,,Morgan fingerprint bit index 400
feat_0401,integer,,Morgan fingerprint bit index 401
feat_0402,integer,,Morgan fingerprint bit index 402
feat_0403,integer,,Morgan fingerprint bit index 403
feat_0404,integer,,Morgan fingerprint bit index 404
feat_0405,integer,,Morgan fingerprint bit index 405
feat_0406,integer,,Morgan fingerprint bit index 406
feat_0407,integer,,Morgan fingerprint bit index 407
feat_0408,integer,,Morgan fingerprint bit index 408
feat_0409,integer,,Morgan fingerprint bit index 409
feat_0410,integer,,Morgan fingerprint bit index 410
feat_0411,integer,,Morgan fingerprint bit index 411
feat_0412,integer,,Morgan fingerprint bit index 412
feat_0413,integer,,Morgan fingerprint bit index 413
feat_0414,integer,,Morgan fingerprint bit index 414
feat_0415,integer,,Morgan fingerprint bit index 415
feat_0416,integer,,Morgan fingerprint bit index 416
feat_0417,integer,,Morgan fingerprint bit index 417
feat_0418,integer,,Morgan fingerprint bit index 418
feat_0419,integer,,Morgan fingerprint bit index 419
feat_0420,integer,,Morgan fingerprint bit index 420
feat_0421,integer,,Morgan fingerprint bit index 421
feat_0422,integer,,Morgan fingerprint bit index 422
feat_0423,integer,,Morgan fingerprint bit index 423
feat_0424,integer,,Morgan fingerprint bit index 424
feat_0425,integer,,Morgan fingerprint bit index 425
feat_0426,integer,,Morgan fingerprint bit index 426
feat_0427,integer,,Morgan fingerprint bit index 427
feat_0428,integer,,Morgan fingerprint bit index 428
feat_0429,integer,,Morgan fingerprint bit index 429
feat_0430,integer,,Morgan fingerprint bit index 430
feat_0431,integer,,Morgan fingerprint bit index 431
feat_0432,integer,,Morgan fingerprint bit index 432
feat_0433,integer,,Morgan fingerprint bit index 433
feat_0434,integer,,Morgan fingerprint bit index 434
feat_0435,integer,,Morgan fingerprint bit index 435
feat_0436,integer,,Morgan fingerprint bit index 436
feat_0437,integer,,Morgan fingerprint bit index 437
feat_0438,integer,,Morgan fingerprint bit index 438
feat_0439,integer,,Morgan fingerprint bit index 439
feat_0440,integer,,Morgan fingerprint bit index 440
feat_0441,integer,,Morgan fingerprint bit index 441
feat_0442,integer,,Morgan fingerprint bit index 442
feat_0443,integer,,Morgan fingerprint bit index 443
feat_0444,integer,,Morgan fingerprint bit index 444
feat_0445,integer,,Morgan fingerprint bit index 445
feat_0446,integer,,Morgan fingerprint bit index 446
feat_0447,integer,,Morgan fingerprint bit index 447
feat_0448,integer,,Morgan fingerprint bit index 448
feat_0449,integer,,Morgan fingerprint bit index 449
feat_0450,integer,,Morgan fingerprint bit index 450
feat_0451,integer,,Morgan fingerprint bit index 451
feat_0452,integer,,Morgan fingerprint bit index 452
feat_0453,integer,,Morgan fingerprint bit index 453
feat_0454,integer,,Morgan fingerprint bit index 454
feat_0455,integer,,Morgan fingerprint bit index 455
feat_0456,integer,,Morgan fingerprint bit index 456
feat_0457,integer,,Morgan fingerprint bit index 457
feat_0458,integer,,Morgan fingerprint bit index 458
feat_0459,integer,,Morgan fingerprint bit index 459
feat_0460,integer,,Morgan fingerprint bit index 460
feat_0461,integer,,Morgan fingerprint bit index 461
feat_0462,integer,,Morgan fingerprint bit index 462
feat_0463,integer,,Morgan fingerprint bit index 463
feat_0464,integer,,Morgan fingerprint bit index 464
feat_0465,integer,,Morgan fingerprint bit index 465
feat_0466,integer,,Morgan fingerprint bit index 466
feat_0467,integer,,Morgan fingerprint bit index 467
feat_0468,integer,,Morgan fingerprint bit index 468
feat_0469,integer,,Morgan fingerprint bit index 469
feat_0470,integer,,Morgan fingerprint bit index 470
feat_0471,integer,,Morgan fingerprint bit index 471
feat_0472,integer,,Morgan fingerprint bit index 472
feat_0473,integer,,Morgan fingerprint bit index 473
feat_0474,integer,,Morgan fingerprint bit index 474
feat_0475,integer,,Morgan fingerprint bit index 475
feat_0476,integer,,Morgan fingerprint bit index 476
feat_0477,integer,,Morgan fingerprint bit index 477
feat_0478,integer,,Morgan fingerprint bit index 478
feat_0479,integer,,Morgan fingerprint bit index 479
feat_0480,integer,,Morgan fingerprint bit index 480
feat_0481,integer,,Morgan fingerprint bit index 481
feat_0482,integer,,Morgan fingerprint bit index 482
feat_0483,integer,,Morgan fingerprint bit index 483
feat_0484,integer,,Morgan fingerprint bit index 484
feat_0485,integer,,Morgan fingerprint bit index 485
feat_0486,integer,,Morgan fingerprint bit index 486
feat_0487,integer,,Morgan fingerprint bit index 487
feat_0488,integer,,Morgan fingerprint bit index 488
feat_0489,integer,,Morgan fingerprint bit index 489
feat_0490,integer,,Morgan fingerprint bit index 490
feat_0491,integer,,Morgan fingerprint bit index 491
feat_0492,integer,,Morgan fingerprint bit index 492
feat_0493,integer,,Morgan fingerprint bit index 493
feat_0494,integer,,Morgan fingerprint bit index 494
feat_0495,integer,,Morgan fingerprint bit index 495
feat_0496,integer,,Morgan fingerprint bit index 496
feat_0497,integer,,Morgan fingerprint bit index 497
feat_0498,integer,,Morgan fingerprint bit index 498
feat_0499,integer,,Morgan fingerprint bit index 499
feat_0500,integer,,Morgan fingerprint bit index 500
feat_0501,integer,,Morgan fingerprint bit index 501
feat_0502,integer,,Morgan fingerprint bit index 502
feat_0503,integer,,Morgan fingerprint bit index 503
feat_0504,integer,,Morgan fingerprint bit index 504
feat_0505,integer,,Morgan fingerprint bit index 505
feat_0506,integer,,Morgan fingerprint bit index 506
feat_0507,integer,,Morgan fingerprint bit index 507
feat_0508,integer,,Morgan fingerprint bit index 508
feat_0509,integer,,Morgan fingerprint bit index 509
feat_0510,integer,,Morgan fingerprint bit index 510
feat_0511,integer,,Morgan fingerprint bit index 511
feat_0512,integer,,Morgan fingerprint bit index 512
feat_0513,integer,,Morgan fingerprint bit index 513
feat_0514,integer,,Morgan fingerprint bit index 514
feat_0515,integer,,Morgan fingerprint bit index 515
feat_0516,integer,,Morgan fingerprint bit index 516
feat_0517,integer,,Morgan fingerprint bit index 517
feat_0518,integer,,Morgan fingerprint bit index 518
feat_0519,integer,,Morgan fingerprint bit index 519
feat_0520,integer,,Morgan fingerprint bit index 520
feat_0521,integer,,Morgan fingerprint bit index 521
feat_0522,integer,,Morgan fingerprint bit index 522
feat_0523,integer,,Morgan fingerprint bit index 523
feat_0524,integer,,Morgan fingerprint bit index 524
feat_0525,integer,,Morgan fingerprint bit index 525
feat_0526,integer,,Morgan fingerprint bit index 526
feat_0527,integer,,Morgan fingerprint bit index 527
feat_0528,integer,,Morgan fingerprint bit index 528
feat_0529,integer,,Morgan fingerprint bit index 529
feat_0530,integer,,Morgan fingerprint bit index 530
feat_0531,integer,,Morgan fingerprint bit index 531
feat_0532,integer,,Morgan fingerprint bit index 532
feat_0533,integer,,Morgan fingerprint bit index 533
feat_0534,integer,,Morgan fingerprint bit index 534
feat_0535,integer,,Morgan fingerprint bit index 535
feat_0536,integer,,Morgan fingerprint bit index 536
feat_0537,integer,,Morgan fingerprint bit index 537
feat_0538,integer,,Morgan fingerprint bit index 538
feat_0539,integer,,Morgan fingerprint bit index 539
feat_0540,integer,,Morgan fingerprint bit index 540
feat_0541,integer,,Morgan fingerprint bit index 541
feat_0542,integer,,Morgan fingerprint bit index 542
feat_0543,integer,,Morgan fingerprint bit index 543
feat_0544,integer,,Morgan fingerprint bit index 544
feat_0545,integer,,Morgan fingerprint bit index 545
feat_0546,integer,,Morgan fingerprint bit index 546
feat_0547,integer,,Morgan fingerprint bit index 547
feat_0548,integer,,Morgan fingerprint bit index 548
feat_0549,integer,,Morgan fingerprint bit index 549
feat_0550,integer,,Morgan fingerprint bit index 550
feat_0551,integer,,Morgan fingerprint bit index 551
feat_0552,integer,,Morgan fingerprint bit index 552
feat_0553,integer,,Morgan fingerprint bit index 553
feat_0554,integer,,Morgan fingerprint bit index 554
feat_0555,integer,,Morgan fingerprint bit index 555
feat_0556,integer,,Morgan fingerprint bit index 556
feat_0557,integer,,Morgan fingerprint bit index 557
feat_0558,integer,,Morgan fingerprint bit index 558
feat_0559,integer,,Morgan fingerprint bit index 559
feat_0560,integer,,Morgan fingerprint bit index 560
feat_0561,integer,,Morgan fingerprint bit index 561
feat_0562,integer,,Morgan fingerprint bit index 562
feat_0563,integer,,Morgan fingerprint bit index 563
feat_0564,integer,,Morgan fingerprint bit index 564
feat_0565,integer,,Morgan fingerprint bit index 565
feat_0566,integer,,Morgan fingerprint bit index 566
feat_0567,integer,,Morgan fingerprint bit index 567
feat_0568,integer,,Morgan fingerprint bit index 568
feat_0569,integer,,Morgan fingerprint bit index 569
feat_0570,integer,,Morgan fingerprint bit index 570
feat_0571,integer,,Morgan fingerprint bit index 571
feat_0572,integer,,Morgan fingerprint bit index 572
feat_0573,integer,,Morgan fingerprint bit index 573
feat_0574,integer,,Morgan fingerprint bit index 574
feat_0575,integer,,Morgan fingerprint bit index 575
feat_0576,integer,,Morgan fingerprint bit index 576
feat_0577,integer,,Morgan fingerprint bit index 577
feat_0578,integer,,Morgan fingerprint bit index 578
feat_0579,integer,,Morgan fingerprint bit index 579
feat_0580,integer,,Morgan fingerprint bit index 580
feat_0581,integer,,Morgan fingerprint bit index 581
feat_0582,integer,,Morgan fingerprint bit index 582
feat_0583,integer,,Morgan fingerprint bit index 583
feat_0584,integer,,Morgan fingerprint bit index 584
feat_0585,integer,,Morgan fingerprint bit index 585
feat_0586,integer,,Morgan fingerprint bit index 586
feat_0587,integer,,Morgan fingerprint bit index 587
feat_0588,integer,,Morgan fingerprint bit index 588
feat_0589,integer,,Morgan fingerprint bit index 589
feat_0590,integer,,Morgan fingerprint bit index 590
feat_0591,integer,,Morgan fingerprint bit index 591
feat_0592,integer,,Morgan fingerprint bit index 592
feat_0593,integer,,Morgan fingerprint bit index 593
feat_0594,integer,,Morgan fingerprint bit index 594
feat_0595,integer,,Morgan fingerprint bit index 595
feat_0596,integer,,Morgan fingerprint bit index 596
feat_0597,integer,,Morgan fingerprint bit index 597
feat_0598,integer,,Morgan fingerprint bit index 598
feat_0599,integer,,Morgan fingerprint bit index 599
feat_0600,integer,,Morgan fingerprint bit index 600
feat_0601,integer,,Morgan fingerprint bit index 601
feat_0602,integer,,Morgan fingerprint bit index 602
feat_0603,integer,,Morgan fingerprint bit index 603
feat_0604,integer,,Morgan fingerprint bit index 604
feat_0605,integer,,Morgan fingerprint bit index 605
feat_0606,integer,,Morgan fingerprint bit index 606
feat_0607,integer,,Morgan fingerprint bit index 607
feat_0608,integer,,Morgan fingerprint bit index 608
feat_0609,integer,,Morgan fingerprint bit index 609
feat_0610,integer,,Morgan fingerprint bit index 610
feat_0611,integer,,Morgan fingerprint bit index 611
feat_0612,integer,,Morgan fingerprint bit index 612
feat_0613,integer,,Morgan fingerprint bit index 613
feat_0614,integer,,Morgan fingerprint bit index 614
feat_0615,integer,,Morgan fingerprint bit index 615
feat_0616,integer,,Morgan fingerprint bit index 616
feat_0617,integer,,Morgan fingerprint bit index 617
feat_0618,integer,,Morgan fingerprint bit index 618
feat_0619,integer,,Morgan fingerprint bit index 619
feat_0620,integer,,Morgan fingerprint bit index 620
feat_0621,integer,,Morgan fingerprint bit index 621
feat_0622,integer,,Morgan fingerprint bit index 622
feat_0623,integer,,Morgan fingerprint bit index 623
feat_0624,integer,,Morgan fingerprint bit index 624
feat_0625,integer,,Morgan fingerprint bit index 625
feat_0626,integer,,Morgan fingerprint bit index 626
feat_0627,integer,,Morgan fingerprint bit index 627
feat_0628,integer,,Morgan fingerprint bit index 628
feat_0629,integer,,Morgan fingerprint bit index 629
feat_0630,integer,,Morgan fingerprint bit index 630
feat_0631,integer,,Morgan fingerprint bit index 631
feat_0632,integer,,Morgan fingerprint bit index 632
feat_0633,integer,,Morgan fingerprint bit index 633
feat_0634,integer,,Morgan fingerprint bit index 634
feat_0635,integer,,Morgan fingerprint bit index 635
feat_0636,integer,,Morgan fingerprint bit index 636
feat_0637,integer,,Morgan fingerprint bit index 637
feat_0638,integer,,Morgan fingerprint bit index 638
feat_0639,integer,,Morgan fingerprint bit index 639
feat_0640,integer,,Morgan fingerprint bit index 640
feat_0641,integer,,Morgan fingerprint bit index 641
feat_0642,integer,,Morgan fingerprint bit index 642
feat_0643,integer,,Morgan fingerprint bit index 643
feat_0644,integer,,Morgan fingerprint bit index 644
feat_0645,integer,,Morgan fingerprint bit index 645
feat_0646,integer,,Morgan fingerprint bit index 646
feat_0647,integer,,Morgan fingerprint bit index 647
feat_0648,integer,,Morgan fingerprint bit index 648
feat_0649,integer,,Morgan fingerprint bit index 649
feat_0650,integer,,Morgan fingerprint bit index 650
feat_0651,integer,,Morgan fingerprint bit index 651
feat_0652,integer,,Morgan fingerprint bit index 652
feat_0653,integer,,Morgan fingerprint bit index 653
feat_0654,integer,,Morgan fingerprint bit index 654
feat_0655,integer,,Morgan fingerprint bit index 655
feat_0656,integer,,Morgan fingerprint bit index 656
feat_0657,integer,,Morgan fingerprint bit index 657
feat_0658,integer,,Morgan fingerprint bit index 658
feat_0659,integer,,Morgan fingerprint bit index 659
feat_0660,integer,,Morgan fingerprint bit index 660
feat_0661,integer,,Morgan fingerprint bit index 661
feat_0662,integer,,Morgan fingerprint bit index 662
feat_0663,integer,,Morgan fingerprint bit index 663
feat_0664,integer,,Morgan fingerprint bit index 664
feat_0665,integer,,Morgan fingerprint bit index 665
feat_0666,integer,,Morgan fingerprint bit index 666
feat_0667,integer,,Morgan fingerprint bit index 667
feat_0668,integer,,Morgan fingerprint bit index 668
feat_0669,integer,,Morgan fingerprint bit index 669
feat_0670,integer,,Morgan fingerprint bit index 670
feat_0671,integer,,Morgan fingerprint bit index 671
feat_0672,integer,,Morgan fingerprint bit index 672
feat_0673,integer,,Morgan fingerprint bit index 673
feat_0674,integer,,Morgan fingerprint bit index 674
feat_0675,integer,,Morgan fingerprint bit index 675
feat_0676,integer,,Morgan fingerprint bit index 676
feat_0677,integer,,Morgan fingerprint bit index 677
feat_0678,integer,,Morgan fingerprint bit index 678
feat_0679,integer,,Morgan fingerprint bit index 679
feat_0680,integer,,Morgan fingerprint bit index 680
feat_0681,integer,,Morgan fingerprint bit index 681
feat_0682,integer,,Morgan fingerprint bit index 682
feat_0683,integer,,Morgan fingerprint bit index 683
feat_0684,integer,,Morgan fingerprint bit index 684
feat_0685,integer,,Morgan fingerprint bit index 685
feat_0686,integer,,Morgan fingerprint bit index 686
feat_0687,integer,,Morgan fingerprint bit index 687
feat_0688,integer,,Morgan fingerprint bit index 688
feat_0689,integer,,Morgan fingerprint bit index 689
feat_0690,integer,,Morgan fingerprint bit index 690
feat_0691,integer,,Morgan fingerprint bit index 691
feat_0692,integer,,Morgan fingerprint bit index 692
feat_0693,integer,,Morgan fingerprint bit index 693
feat_0694,integer,,Morgan fingerprint bit index 694
feat_0695,integer,,Morgan fingerprint bit index 695
feat_0696,integer,,Morgan fingerprint bit index 696
feat_0697,integer,,Morgan fingerprint bit index 697
feat_0698,integer,,Morgan fingerprint bit index 698
feat_0699,integer,,Morgan fingerprint bit index 699
feat_0700,integer,,Morgan fingerprint bit index 700
feat_0701,integer,,Morgan fingerprint bit index 701
feat_0702,integer,,Morgan fingerprint bit index 702
feat_0703,integer,,Morgan fingerprint bit index 703
feat_0704,integer,,Morgan fingerprint bit index 704
feat_0705,integer,,Morgan fingerprint bit index 705
feat_0706,integer,,Morgan fingerprint bit index 706
feat_0707,integer,,Morgan fingerprint bit index 707
feat_0708,integer,,Morgan fingerprint bit index 708
feat_0709,integer,,Morgan fingerprint bit index 709
feat_0710,integer,,Morgan fingerprint bit index 710
feat_0711,integer,,Morgan fingerprint bit index 711
feat_0712,integer,,Morgan fingerprint bit index 712
feat_0713,integer,,Morgan fingerprint bit index 713
feat_0714,integer,,Morgan fingerprint bit index 714
feat_0715,integer,,Morgan fingerprint bit index 715
feat_0716,integer,,Morgan fingerprint bit index 716
feat_0717,integer,,Morgan fingerprint bit index 717
feat_0718,integer,,Morgan fingerprint bit index 718
feat_0719,integer,,Morgan fingerprint bit index 719
feat_0720,integer,,Morgan fingerprint bit index 720
feat_0721,integer,,Morgan fingerprint bit index 721
feat_0722,integer,,Morgan fingerprint bit index 722
feat_0723,integer,,Morgan fingerprint bit index 723
feat_0724,integer,,Morgan fingerprint bit index 724
feat_0725,integer,,Morgan fingerprint bit index 725
feat_0726,integer,,Morgan fingerprint bit index 726
feat_0727,integer,,Morgan fingerprint bit index 727
feat_0728,integer,,Morgan fingerprint bit index 728
feat_0729,integer,,Morgan fingerprint bit index 729
feat_0730,integer,,Morgan fingerprint bit index 730
feat_0731,integer,,Morgan fingerprint bit index 731
feat_0732,integer,,Morgan fingerprint bit index 732
feat_0733,integer,,Morgan fingerprint bit index 733
feat_0734,integer,,Morgan fingerprint bit index 734
feat_0735,integer,,Morgan fingerprint bit index 735
feat_0736,integer,,Morgan fingerprint bit index 736
feat_0737,integer,,Morgan fingerprint bit index 737
feat_0738,integer,,Morgan fingerprint bit index 738
feat_0739,integer,,Morgan fingerprint bit index 739
feat_0740,integer,,Morgan fingerprint bit index 740
feat_0741,integer,,Morgan fingerprint bit index 741
feat_0742,integer,,Morgan fingerprint bit index 742
feat_0743,integer,,Morgan fingerprint bit index 743
feat_0744,integer,,Morgan fingerprint bit index 744
feat_0745,integer,,Morgan fingerprint bit index 745
feat_0746,integer,,Morgan fingerprint bit index 746
feat_0747,integer,,Morgan fingerprint bit index 747
feat_0748,integer,,Morgan fingerprint bit index 748
feat_0749,integer,,Morgan fingerprint bit index 749
feat_0750,integer,,Morgan fingerprint bit index 750
feat_0751,integer,,Morgan fingerprint bit index 751
feat_0752,integer,,Morgan fingerprint bit index 752
feat_0753,integer,,Morgan fingerprint bit index 753
feat_0754,integer,,Morgan fingerprint bit index 754
feat_0755,integer,,Morgan fingerprint bit index 755
feat_0756,integer,,Morgan fingerprint bit index 756
feat_0757,integer,,Morgan fingerprint bit index 757
feat_0758,integer,,Morgan fingerprint bit index 758
feat_0759,integer,,Morgan fingerprint bit index 759
feat_0760,integer,,Morgan fingerprint bit index 760
feat_0761,integer,,Morgan fingerprint bit index 761
feat_0762,integer,,Morgan fingerprint bit index 762
feat_0763,integer,,Morgan fingerprint bit index 763
feat_0764,integer,,Morgan fingerprint bit index 764
feat_0765,integer,,Morgan fingerprint bit index 765
feat_0766,integer,,Morgan fingerprint bit index 766
feat_0767,integer,,Morgan fingerprint bit index 767
feat_0768,integer,,Morgan fingerprint bit index 768
feat_0769,integer,,Morgan fingerprint bit index 769
feat_0770,integer,,Morgan fingerprint bit index 770
feat_0771,integer,,Morgan fingerprint bit index 771
feat_0772,integer,,Morgan fingerprint bit index 772
feat_0773,integer,,Morgan fingerprint bit index 773
feat_0774,integer,,Morgan fingerprint bit index 774
feat_0775,integer,,Morgan fingerprint bit index 775
feat_0776,integer,,Morgan fingerprint bit index 776
feat_0777,integer,,Morgan fingerprint bit index 777
feat_0778,integer,,Morgan fingerprint bit index 778
feat_0779,integer,,Morgan fingerprint bit index 779
feat_0780,integer,,Morgan fingerprint bit index 780
feat_0781,integer,,Morgan fingerprint bit index 781
feat_0782,integer,,Morgan fingerprint bit index 782
feat_0783,integer,,Morgan fingerprint bit index 783
feat_0784,integer,,Morgan fingerprint bit index 784
feat_0785,integer,,Morgan fingerprint bit index 785
feat_0786,integer,,Morgan fingerprint bit index 786
feat_0787,integer,,Morgan fingerprint bit index 787
feat_0788,integer,,Morgan fingerprint bit index 788
feat_0789,integer,,Morgan fingerprint bit index 789
feat_0790,integer,,Morgan fingerprint bit index 790
feat_0791,integer,,Morgan fingerprint bit index 791
feat_0792,integer,,Morgan fingerprint bit index 792
feat_0793,integer,,Morgan fingerprint bit index 793
feat_0794,integer,,Morgan fingerprint bit index 794
feat_0795,integer,,Morgan fingerprint bit index 795
feat_0796,integer,,Morgan fingerprint bit index 796
feat_0797,integer,,Morgan fingerprint bit index 797
feat_0798,integer,,Morgan fingerprint bit index 798
feat_0799,integer,,Morgan fingerprint bit index 799
feat_0800,integer,,Morgan fingerprint bit index 800
feat_0801,integer,,Morgan fingerprint bit index 801
feat_0802,integer,,Morgan fingerprint bit index 802
feat_0803,integer,,Morgan fingerprint bit index 803
feat_0804,integer,,Morgan fingerprint bit index 804
feat_0805,integer,,Morgan fingerprint bit index 805
feat_0806,integer,,Morgan fingerprint bit index 806
feat_0807,integer,,Morgan fingerprint bit index 807
feat_0808,integer,,Morgan fingerprint bit index 808
feat_0809,integer,,Morgan fingerprint bit index 809
feat_0810,integer,,Morgan fingerprint bit index 810
feat_0811,integer,,Morgan fingerprint bit index 811
feat_0812,integer,,Morgan fingerprint bit index 812
feat_0813,integer,,Morgan fingerprint bit index 813
feat_0814,integer,,Morgan fingerprint bit index 814
feat_0815,integer,,Morgan fingerprint bit index 815
feat_0816,integer,,Morgan fingerprint bit index 816
feat_0817,integer,,Morgan fingerprint bit index 817
feat_0818,integer,,Morgan fingerprint bit index 818
feat_0819,integer,,Morgan fingerprint bit index 819
feat_0820,integer,,Morgan fingerprint bit index 820
feat_0821,integer,,Morgan fingerprint bit index 821
feat_0822,integer,,Morgan fingerprint bit index 822
feat_0823,integer,,Morgan fingerprint bit index 823
feat_0824,integer,,Morgan fingerprint bit index 824
feat_0825,integer,,Morgan fingerprint bit index 825
feat_0826,integer,,Morgan fingerprint bit index 826
feat_0827,integer,,Morgan fingerprint bit index 827
feat_0828,integer,,Morgan fingerprint bit index 828
feat_0829,integer,,Morgan fingerprint bit index 829
feat_0830,integer,,Morgan fingerprint bit index 830
feat_0831,integer,,Morgan fingerprint bit index 831
feat_0832,integer,,Morgan fingerprint bit index 832
feat_0833,integer,,Morgan fingerprint bit index 833
feat_0834,integer,,Morgan fingerprint bit index 834
feat_0835,integer,,Morgan fingerprint bit index 835
feat_0836,integer,,Morgan fingerprint bit index 836
feat_0837,integer,,Morgan fingerprint bit index 837
feat_0838,integer,,Morgan fingerprint bit index 838
feat_0839,integer,,Morgan fingerprint bit index 839
feat_0840,integer,,Morgan fingerprint bit index 840
feat_0841,integer,,Morgan fingerprint bit index 841
feat_0842,integer,,Morgan fingerprint bit index 842
feat_0843,integer,,Morgan fingerprint bit index 843
feat_0844,integer,,Morgan fingerprint bit index 844
feat_0845,integer,,Morgan fingerprint bit index 845
feat_0846,integer,,Morgan fingerprint bit index 846
feat_0847,integer,,Morgan fingerprint bit index 847
feat_0848,integer,,Morgan fingerprint bit index 848
feat_0849,integer,,Morgan fingerprint bit index 849
feat_0850,integer,,Morgan fingerprint bit index 850
feat_0851,integer,,Morgan fingerprint bit index 851
feat_0852,integer,,Morgan fingerprint bit index 852
feat_0853,integer,,Morgan fingerprint bit index 853
feat_0854,integer,,Morgan fingerprint bit index 854
feat_0855,integer,,Morgan fingerprint bit index 855
feat_0856,integer,,Morgan fingerprint bit index 856
feat_0857,integer,,Morgan fingerprint bit index 857
feat_0858,integer,,Morgan fingerprint bit index 858
feat_0859,integer,,Morgan fingerprint bit index 859
feat_0860,integer,,Morgan fingerprint bit index 860
feat_0861,integer,,Morgan fingerprint bit index 861
feat_0862,integer,,Morgan fingerprint bit index 862
feat_0863,integer,,Morgan fingerprint bit index 863
feat_0864,integer,,Morgan fingerprint bit index 864
feat_0865,integer,,Morgan fingerprint bit index 865
feat_0866,integer,,Morgan fingerprint bit index 866
feat_0867,integer,,Morgan fingerprint bit index 867
feat_0868,integer,,Morgan fingerprint bit index 868
feat_0869,integer,,Morgan fingerprint bit index 869
feat_0870,integer,,Morgan fingerprint bit index 870
feat_0871,integer,,Morgan fingerprint bit index 871
feat_0872,integer,,Morgan fingerprint bit index 872
feat_0873,integer,,Morgan fingerprint bit index 873
feat_0874,integer,,Morgan fingerprint bit index 874
feat_0875,integer,,Morgan fingerprint bit index 875
feat_0876,integer,,Morgan fingerprint bit index 876
feat_0877,integer,,Morgan fingerprint bit index 877
feat_0878,integer,,Morgan fingerprint bit index 878
feat_0879,integer,,Morgan fingerprint bit index 879
feat_0880,integer,,Morgan fingerprint bit index 880
feat_0881,integer,,Morgan fingerprint bit index 881
feat_0882,integer,,Morgan fingerprint bit index 882
feat_0883,integer,,Morgan fingerprint bit index 883
feat_0884,integer,,Morgan fingerprint bit index 884
feat_0885,integer,,Morgan fingerprint bit index 885
feat_0886,integer,,Morgan fingerprint bit index 886
feat_0887,integer,,Morgan fingerprint bit index 887
feat_0888,integer,,Morgan fingerprint bit index 888
feat_0889,integer,,Morgan fingerprint bit index 889
feat_0890,integer,,Morgan fingerprint bit index 890
feat_0891,integer,,Morgan fingerprint bit index 891
feat_0892,integer,,Morgan fingerprint bit index 892
feat_0893,integer,,Morgan fingerprint bit index 893
feat_0894,integer,,Morgan fingerprint bit index 894
feat_0895,integer,,Morgan fingerprint bit index 895
feat_0896,integer,,Morgan fingerprint bit index 896
feat_0897,integer,,Morgan fingerprint bit index 897
feat_0898,integer,,Morgan fingerprint bit index 898
feat_0899,integer,,Morgan fingerprint bit index 899
feat_0900,integer,,Morgan fingerprint bit index 900
feat_0901,integer,,Morgan fingerprint bit index 901
feat_0902,integer,,Morgan fingerprint bit index 902
feat_0903,integer,,Morgan fingerprint bit index 903
feat_0904,integer,,Morgan fingerprint bit index 904
feat_0905,integer,,Morgan fingerprint bit index 905
feat_0906,integer,,Morgan fingerprint bit index 906
feat_0907,integer,,Morgan fingerprint bit index 907
feat_0908,integer,,Morgan fingerprint bit index 908
feat_0909,integer,,Morgan fingerprint bit index 909
feat_0910,integer,,Morgan fingerprint bit index 910
feat_0911,integer,,Morgan fingerprint bit index 911
feat_0912,integer,,Morgan fingerprint bit index 912
feat_0913,integer,,Morgan fingerprint bit index 913
feat_0914,integer,,Morgan fingerprint bit index 914
feat_0915,integer,,Morgan fingerprint bit index 915
feat_0916,integer,,Morgan fingerprint bit index 916
feat_0917,integer,,Morgan fingerprint bit index 917
feat_0918,integer,,Morgan fingerprint bit index 918
feat_0919,integer,,Morgan fingerprint bit index 919
feat_0920,integer,,Morgan fingerprint bit index 920
feat_0921,integer,,Morgan fingerprint bit index 921
feat_0922,integer,,Morgan fingerprint bit index 922
feat_0923,integer,,Morgan fingerprint bit index 923
feat_0924,integer,,Morgan fingerprint bit index 924
feat_0925,integer,,Morgan fingerprint bit index 925
feat_0926,integer,,Morgan fingerprint bit index 926
feat_0927,integer,,Morgan fingerprint bit index 927
feat_0928,integer,,Morgan fingerprint bit index 928
feat_0929,integer,,Morgan fingerprint bit index 929
feat_0930,integer,,Morgan fingerprint bit index 930
feat_0931,integer,,Morgan fingerprint bit index 931
feat_0932,integer,,Morgan fingerprint bit index 932
feat_0933,integer,,Morgan fingerprint bit index 933
feat_0934,integer,,Morgan fingerprint bit index 934
feat_0935,integer,,Morgan fingerprint bit index 935
feat_0936,integer,,Morgan fingerprint bit index 936
feat_0937,integer,,Morgan fingerprint bit index 937
feat_0938,integer,,Morgan fingerprint bit index 938
feat_0939,integer,,Morgan fingerprint bit index 939
feat_0940,integer,,Morgan fingerprint bit index 940
feat_0941,integer,,Morgan fingerprint bit index 941
feat_0942,integer,,Morgan fingerprint bit index 942
feat_0943,integer,,Morgan fingerprint bit index 943
feat_0944,integer,,Morgan fingerprint bit index 944
feat_0945,integer,,Morgan fingerprint bit index 945
feat_0946,integer,,Morgan fingerprint bit index 946
feat_0947,integer,,Morgan fingerprint bit index 947
feat_0948,integer,,Morgan fingerprint bit index 948
feat_0949,integer,,Morgan fingerprint bit index 949
feat_0950,integer,,Morgan fingerprint bit index 950
feat_0951,integer,,Morgan fingerprint bit index 951
feat_0952,integer,,Morgan fingerprint bit index 952
feat_0953,integer,,Morgan fingerprint bit index 953
feat_0954,integer,,Morgan fingerprint bit index 954
feat_0955,integer,,Morgan fingerprint bit index 955
feat_0956,integer,,Morgan fingerprint bit index 956
feat_0957,integer,,Morgan fingerprint bit index 957
feat_0958,integer,,Morgan fingerprint bit index 958
feat_0959,integer,,Morgan fingerprint bit index 959
feat_0960,integer,,Morgan fingerprint bit index 960
feat_0961,integer,,Morgan fingerprint bit index 961
feat_0962,integer,,Morgan fingerprint bit index 962
feat_0963,integer,,Morgan fingerprint bit index 963
feat_0964,integer,,Morgan fingerprint bit index 964
feat_0965,integer,,Morgan fingerprint bit index 965
feat_0966,integer,,Morgan fingerprint bit index 966
feat_0967,integer,,Morgan fingerprint bit index 967
feat_0968,integer,,Morgan fingerprint bit index 968
feat_0969,integer,,Morgan fingerprint bit index 969
feat_0970,integer,,Morgan fingerprint bit index 970
feat_0971,integer,,Morgan fingerprint bit index 971
feat_0972,integer,,Morgan fingerprint bit index 972
feat_0973,integer,,Morgan fingerprint bit index 973
feat_0974,integer,,Morgan fingerprint bit index 974
feat_0975,integer,,Morgan fingerprint bit index 975
feat_0976,integer,,Morgan fingerprint bit index 976
feat_0977,integer,,Morgan fingerprint bit index 977
feat_0978,integer,,Morgan fingerprint bit index 978
feat_0979,integer,,Morgan fingerprint bit index 979
feat_0980,integer,,Morgan fingerprint bit index 980
feat_0981,integer,,Morgan fingerprint bit index 981
feat_0982,integer,,Morgan fingerprint bit index 982
feat_0983,integer,,Morgan fingerprint bit index 983
feat_0984,integer,,Morgan fingerprint bit index 984
feat_0985,integer,,Morgan fingerprint bit index 985
feat_0986,integer,,Morgan fingerprint bit index 986
feat_0987,integer,,Morgan fingerprint bit index 987
feat_0988,integer,,Morgan fingerprint bit index 988
feat_0989,integer,,Morgan fingerprint bit index 989
feat_0990,integer,,Morgan fingerprint bit index 990
feat_0991,integer,,Morgan fingerprint bit index 991
feat_0992,integer,,Morgan fingerprint bit index 992
feat_0993,integer,,Morgan fingerprint bit index 993
feat_0994,integer,,Morgan fingerprint bit index 994
feat_0995,integer,,Morgan fingerprint bit index 995
feat_0996,integer,,Morgan fingerprint bit index 996
feat_0997,integer,,Morgan fingerprint bit index 997
feat_0998,integer,,Morgan fingerprint bit index 998
feat_0999,integer,,Morgan fingerprint bit index 999
feat_1000,integer,,Morgan fingerprint bit index 1000
feat_1001,integer,,Morgan fingerprint bit index 1001
feat_1002,integer,,Morgan fingerprint bit index 1002
feat_1003,integer,,Morgan fingerprint bit index 1003
feat_1004,integer,,Morgan fingerprint bit index 1004
feat_1005,integer,,Morgan fingerprint bit index 1005
feat_1006,integer,,Morgan fingerprint bit index 1006
feat_1007,integer,,Morgan fingerprint bit index 1007
feat_1008,integer,,Morgan fingerprint bit index 1008
feat_1009,integer,,Morgan fingerprint bit index 1009
feat_1010,integer,,Morgan fingerprint bit index 1010
feat_1011,integer,,Morgan fingerprint bit index 1011
feat_1012,integer,,Morgan fingerprint bit index 1012
feat_1013,integer,,Morgan fingerprint bit index 1013
feat_1014,integer,,Morgan fingerprint bit index 1014
feat_1015,integer,,Morgan fingerprint bit index 1015
feat_1016,integer,,Morgan fingerprint bit index 1016
feat_1017,integer,,Morgan fingerprint bit index 1017
feat_1018,integer,,Morgan fingerprint bit index 1018
feat_1019,integer,,Morgan fingerprint bit index 1019
feat_1020,integer,,Morgan fingerprint bit index 1020
feat_1021,integer,,Morgan fingerprint bit index 1021
feat_1022,integer,,Morgan fingerprint bit index 1022
feat_1023,integer,,Morgan fingerprint bit index 1023
feat_1024,integer,,Morgan fingerprint bit index 1024
feat_1025,integer,,Morgan fingerprint bit index 1025
feat_1026,integer,,Morgan fingerprint bit index 1026
feat_1027,integer,,Morgan fingerprint bit index 1027
feat_1028,integer,,Morgan fingerprint bit index 1028
feat_1029,integer,,Morgan fingerprint bit index 1029
feat_1030,integer,,Morgan fingerprint bit index 1030
feat_1031,integer,,Morgan fingerprint bit index 1031
feat_1032,integer,,Morgan fingerprint bit index 1032
feat_1033,integer,,Morgan fingerprint bit index 1033
feat_1034,integer,,Morgan fingerprint bit index 1034
feat_1035,integer,,Morgan fingerprint bit index 1035
feat_1036,integer,,Morgan fingerprint bit index 1036
feat_1037,integer,,Morgan fingerprint bit index 1037
feat_1038,integer,,Morgan fingerprint bit index 1038
feat_1039,integer,,Morgan fingerprint bit index 1039
feat_1040,integer,,Morgan fingerprint bit index 1040
feat_1041,integer,,Morgan fingerprint bit index 1041
feat_1042,integer,,Morgan fingerprint bit index 1042
feat_1043,integer,,Morgan fingerprint bit index 1043
feat_1044,integer,,Morgan fingerprint bit index 1044
feat_1045,integer,,Morgan fingerprint bit index 1045
feat_1046,integer,,Morgan fingerprint bit index 1046
feat_1047,integer,,Morgan fingerprint bit index 1047
feat_1048,integer,,Morgan fingerprint bit index 1048
feat_1049,integer,,Morgan fingerprint bit index 1049
feat_1050,integer,,Morgan fingerprint bit index 1050
feat_1051,integer,,Morgan fingerprint bit index 1051
feat_1052,integer,,Morgan fingerprint bit index 1052
feat_1053,integer,,Morgan fingerprint bit index 1053
feat_1054,integer,,Morgan fingerprint bit index 1054
feat_1055,integer,,Morgan fingerprint bit index 1055
feat_1056,integer,,Morgan fingerprint bit index 1056
feat_1057,integer,,Morgan fingerprint bit index 1057
feat_1058,integer,,Morgan fingerprint bit index 1058
feat_1059,integer,,Morgan fingerprint bit index 1059
feat_1060,integer,,Morgan fingerprint bit index 1060
feat_1061,integer,,Morgan fingerprint bit index 1061
feat_1062,integer,,Morgan fingerprint bit index 1062
feat_1063,integer,,Morgan fingerprint bit index 1063
feat_1064,integer,,Morgan fingerprint bit index 1064
feat_1065,integer,,Morgan fingerprint bit index 1065
feat_1066,integer,,Morgan fingerprint bit index 1066
feat_1067,integer,,Morgan fingerprint bit index 1067
feat_1068,integer,,Morgan fingerprint bit index 1068
feat_1069,integer,,Morgan fingerprint bit index 1069
feat_1070,integer,,Morgan fingerprint bit index 1070
feat_1071,integer,,Morgan fingerprint bit index 1071
feat_1072,integer,,Morgan fingerprint bit index 1072
feat_1073,integer,,Morgan fingerprint bit index 1073
feat_1074,integer,,Morgan fingerprint bit index 1074
feat_1075,integer,,Morgan fingerprint bit index 1075
feat_1076,integer,,Morgan fingerprint bit index 1076
feat_1077,integer,,Morgan fingerprint bit index 1077
feat_1078,integer,,Morgan fingerprint bit index 1078
feat_1079,integer,,Morgan fingerprint bit index 1079
feat_1080,integer,,Morgan fingerprint bit index 1080
feat_1081,integer,,Morgan fingerprint bit index 1081
feat_1082,integer,,Morgan fingerprint bit index 1082
feat_1083,integer,,Morgan fingerprint bit index 1083
feat_1084,integer,,Morgan fingerprint bit index 1084
feat_1085,integer,,Morgan fingerprint bit index 1085
feat_1086,integer,,Morgan fingerprint bit index 1086
feat_1087,integer,,Morgan fingerprint bit index 1087
feat_1088,integer,,Morgan fingerprint bit index 1088
feat_1089,integer,,Morgan fingerprint bit index 1089
feat_1090,integer,,Morgan fingerprint bit index 1090
feat_1091,integer,,Morgan fingerprint bit index 1091
feat_1092,integer,,Morgan fingerprint bit index 1092
feat_1093,integer,,Morgan fingerprint bit index 1093
feat_1094,integer,,Morgan fingerprint bit index 1094
feat_1095,integer,,Morgan fingerprint bit index 1095
feat_1096,integer,,Morgan fingerprint bit index 1096
feat_1097,integer,,Morgan fingerprint bit index 1097
feat_1098,integer,,Morgan fingerprint bit index 1098
feat_1099,integer,,Morgan fingerprint bit index 1099
feat_1100,integer,,Morgan fingerprint bit index 1100
feat_1101,integer,,Morgan fingerprint bit index 1101
feat_1102,integer,,Morgan fingerprint bit index 1102
feat_1103,integer,,Morgan fingerprint bit index 1103
feat_1104,integer,,Morgan fingerprint bit index 1104
feat_1105,integer,,Morgan fingerprint bit index 1105
feat_1106,integer,,Morgan fingerprint bit index 1106
feat_1107,integer,,Morgan fingerprint bit index 1107
feat_1108,integer,,Morgan fingerprint bit index 1108
feat_1109,integer,,Morgan fingerprint bit index 1109
feat_1110,integer,,Morgan fingerprint bit index 1110
feat_1111,integer,,Morgan fingerprint bit index 1111
feat_1112,integer,,Morgan fingerprint bit index 1112
feat_1113,integer,,Morgan fingerprint bit index 1113
feat_1114,integer,,Morgan fingerprint bit index 1114
feat_1115,integer,,Morgan fingerprint bit index 1115
feat_1116,integer,,Morgan fingerprint bit index 1116
feat_1117,integer,,Morgan fingerprint bit index 1117
feat_1118,integer,,Morgan fingerprint bit index 1118
feat_1119,integer,,Morgan fingerprint bit index 1119
feat_1120,integer,,Morgan fingerprint bit index 1120
feat_1121,integer,,Morgan fingerprint bit index 1121
feat_1122,integer,,Morgan fingerprint bit index 1122
feat_1123,integer,,Morgan fingerprint bit index 1123
feat_1124,integer,,Morgan fingerprint bit index 1124
feat_1125,integer,,Morgan fingerprint bit index 1125
feat_1126,integer,,Morgan fingerprint bit index 1126
feat_1127,integer,,Morgan fingerprint bit index 1127
feat_1128,integer,,Morgan fingerprint bit index 1128
feat_1129,integer,,Morgan fingerprint bit index 1129
feat_1130,integer,,Morgan fingerprint bit index 1130
feat_1131,integer,,Morgan fingerprint bit index 1131
feat_1132,integer,,Morgan fingerprint bit index 1132
feat_1133,integer,,Morgan fingerprint bit index 1133
feat_1134,integer,,Morgan fingerprint bit index 1134
feat_1135,integer,,Morgan fingerprint bit index 1135
feat_1136,integer,,Morgan fingerprint bit index 1136
feat_1137,integer,,Morgan fingerprint bit index 1137
feat_1138,integer,,Morgan fingerprint bit index 1138
feat_1139,integer,,Morgan fingerprint bit index 1139
feat_1140,integer,,Morgan fingerprint bit index 1140
feat_1141,integer,,Morgan fingerprint bit index 1141
feat_1142,integer,,Morgan fingerprint bit index 1142
feat_1143,integer,,Morgan fingerprint bit index 1143
feat_1144,integer,,Morgan fingerprint bit index 1144
feat_1145,integer,,Morgan fingerprint bit index 1145
feat_1146,integer,,Morgan fingerprint bit index 1146
feat_1147,integer,,Morgan fingerprint bit index 1147
feat_1148,integer,,Morgan fingerprint bit index 1148
feat_1149,integer,,Morgan fingerprint bit index 1149
feat_1150,integer,,Morgan fingerprint bit index 1150
feat_1151,integer,,Morgan fingerprint bit index 1151
feat_1152,integer,,Morgan fingerprint bit index 1152
feat_1153,integer,,Morgan fingerprint bit index 1153
feat_1154,integer,,Morgan fingerprint bit index 1154
feat_1155,integer,,Morgan fingerprint bit index 1155
feat_1156,integer,,Morgan fingerprint bit index 1156
feat_1157,integer,,Morgan fingerprint bit index 1157
feat_1158,integer,,Morgan fingerprint bit index 1158
feat_1159,integer,,Morgan fingerprint bit index 1159
feat_1160,integer,,Morgan fingerprint bit index 1160
feat_1161,integer,,Morgan fingerprint bit index 1161
feat_1162,integer,,Morgan fingerprint bit index 1162
feat_1163,integer,,Morgan fingerprint bit index 1163
feat_1164,integer,,Morgan fingerprint bit index 1164
feat_1165,integer,,Morgan fingerprint bit index 1165
feat_1166,integer,,Morgan fingerprint bit index 1166
feat_1167,integer,,Morgan fingerprint bit index 1167
feat_1168,integer,,Morgan fingerprint bit index 1168
feat_1169,integer,,Morgan fingerprint bit index 1169
feat_1170,integer,,Morgan fingerprint bit index 1170
feat_1171,integer,,Morgan fingerprint bit index 1171
feat_1172,integer,,Morgan fingerprint bit index 1172
feat_1173,integer,,Morgan fingerprint bit index 1173
feat_1174,integer,,Morgan fingerprint bit index 1174
feat_1175,integer,,Morgan fingerprint bit index 1175
feat_1176,integer,,Morgan fingerprint bit index 1176
feat_1177,integer,,Morgan fingerprint bit index 1177
feat_1178,integer,,Morgan fingerprint bit index 1178
feat_1179,integer,,Morgan fingerprint bit index 1179
feat_1180,integer,,Morgan fingerprint bit index 1180
feat_1181,integer,,Morgan fingerprint bit index 1181
feat_1182,integer,,Morgan fingerprint bit index 1182
feat_1183,integer,,Morgan fingerprint bit index 1183
feat_1184,integer,,Morgan fingerprint bit index 1184
feat_1185,integer,,Morgan fingerprint bit index 1185
feat_1186,integer,,Morgan fingerprint bit index 1186
feat_1187,integer,,Morgan fingerprint bit index 1187
feat_1188,integer,,Morgan fingerprint bit index 1188
feat_1189,integer,,Morgan fingerprint bit index 1189
feat_1190,integer,,Morgan fingerprint bit index 1190
feat_1191,integer,,Morgan fingerprint bit index 1191
feat_1192,integer,,Morgan fingerprint bit index 1192
feat_1193,integer,,Morgan fingerprint bit index 1193
feat_1194,integer,,Morgan fingerprint bit index 1194
feat_1195,integer,,Morgan fingerprint bit index 1195
feat_1196,integer,,Morgan fingerprint bit index 1196
feat_1197,integer,,Morgan fingerprint bit index 1197
feat_1198,integer,,Morgan fingerprint bit index 1198
feat_1199,integer,,Morgan fingerprint bit index 1199
feat_1200,integer,,Morgan fingerprint bit index 1200
feat_1201,integer,,Morgan fingerprint bit index 1201
feat_1202,integer,,Morgan fingerprint bit index 1202
feat_1203,integer,,Morgan fingerprint bit index 1203
feat_1204,integer,,Morgan fingerprint bit index 1204
feat_1205,integer,,Morgan fingerprint bit index 1205
feat_1206,integer,,Morgan fingerprint bit index 1206
feat_1207,integer,,Morgan fingerprint bit index 1207
feat_1208,integer,,Morgan fingerprint bit index 1208
feat_1209,integer,,Morgan fingerprint bit index 1209
feat_1210,integer,,Morgan fingerprint bit index 1210
feat_1211,integer,,Morgan fingerprint bit index 1211
feat_1212,integer,,Morgan fingerprint bit index 1212
feat_1213,integer,,Morgan fingerprint bit index 1213
feat_1214,integer,,Morgan fingerprint bit index 1214
feat_1215,integer,,Morgan fingerprint bit index 1215
feat_1216,integer,,Morgan fingerprint bit index 1216
feat_1217,integer,,Morgan fingerprint bit index 1217
feat_1218,integer,,Morgan fingerprint bit index 1218
feat_1219,integer,,Morgan fingerprint bit index 1219
feat_1220,integer,,Morgan fingerprint bit index 1220
feat_1221,integer,,Morgan fingerprint bit index 1221
feat_1222,integer,,Morgan fingerprint bit index 1222
feat_1223,integer,,Morgan fingerprint bit index 1223
feat_1224,integer,,Morgan fingerprint bit index 1224
feat_1225,integer,,Morgan fingerprint bit index 1225
feat_1226,integer,,Morgan fingerprint bit index 1226
feat_1227,integer,,Morgan fingerprint bit index 1227
feat_1228,integer,,Morgan fingerprint bit index 1228
feat_1229,integer,,Morgan fingerprint bit index 1229
feat_1230,integer,,Morgan fingerprint bit index 1230
feat_1231,integer,,Morgan fingerprint bit index 1231
feat_1232,integer,,Morgan fingerprint bit index 1232
feat_1233,integer,,Morgan fingerprint bit index 1233
feat_1234,integer,,Morgan fingerprint bit index 1234
feat_1235,integer,,Morgan fingerprint bit index 1235
feat_1236,integer,,Morgan fingerprint bit index 1236
feat_1237,integer,,Morgan fingerprint bit index 1237
feat_1238,integer,,Morgan fingerprint bit index 1238
feat_1239,integer,,Morgan fingerprint bit index 1239
feat_1240,integer,,Morgan fingerprint bit index 1240
feat_1241,integer,,Morgan fingerprint bit index 1241
feat_1242,integer,,Morgan fingerprint bit index 1242
feat_1243,integer,,Morgan fingerprint bit index 1243
feat_1244,integer,,Morgan fingerprint bit index 1244
feat_1245,integer,,Morgan fingerprint bit index 1245
feat_1246,integer,,Morgan fingerprint bit index 1246
feat_1247,integer,,Morgan fingerprint bit index 1247
feat_1248,integer,,Morgan fingerprint bit index 1248
feat_1249,integer,,Morgan fingerprint bit index 1249
feat_1250,integer,,Morgan fingerprint bit index 1250
feat_1251,integer,,Morgan fingerprint bit index 1251
feat_1252,integer,,Morgan fingerprint bit index 1252
feat_1253,integer,,Morgan fingerprint bit index 1253
feat_1254,integer,,Morgan fingerprint bit index 1254
feat_1255,integer,,Morgan fingerprint bit index 1255
feat_1256,integer,,Morgan fingerprint bit index 1256
feat_1257,integer,,Morgan fingerprint bit index 1257
feat_1258,integer,,Morgan fingerprint bit index 1258
feat_1259,integer,,Morgan fingerprint bit index 1259
feat_1260,integer,,Morgan fingerprint bit index 1260
feat_1261,integer,,Morgan fingerprint bit index 1261
feat_1262,integer,,Morgan fingerprint bit index 1262
feat_1263,integer,,Morgan fingerprint bit index 1263
feat_1264,integer,,Morgan fingerprint bit index 1264
feat_1265,integer,,Morgan fingerprint bit index 1265
feat_1266,integer,,Morgan fingerprint bit index 1266
feat_1267,integer,,Morgan fingerprint bit index 1267
feat_1268,integer,,Morgan fingerprint bit index 1268
feat_1269,integer,,Morgan fingerprint bit index 1269
feat_1270,integer,,Morgan fingerprint bit index 1270
feat_1271,integer,,Morgan fingerprint bit index 1271
feat_1272,integer,,Morgan fingerprint bit index 1272
feat_1273,integer,,Morgan fingerprint bit index 1273
feat_1274,integer,,Morgan fingerprint bit index 1274
feat_1275,integer,,Morgan fingerprint bit index 1275
feat_1276,integer,,Morgan fingerprint bit index 1276
feat_1277,integer,,Morgan fingerprint bit index 1277
feat_1278,integer,,Morgan fingerprint bit index 1278
feat_1279,integer,,Morgan fingerprint bit index 1279
feat_1280,integer,,Morgan fingerprint bit index 1280
feat_1281,integer,,Morgan fingerprint bit index 1281
feat_1282,integer,,Morgan fingerprint bit index 1282
feat_1283,integer,,Morgan fingerprint bit index 1283
feat_1284,integer,,Morgan fingerprint bit index 1284
feat_1285,integer,,Morgan fingerprint bit index 1285
feat_1286,integer,,Morgan fingerprint bit index 1286
feat_1287,integer,,Morgan fingerprint bit index 1287
feat_1288,integer,,Morgan fingerprint bit index 1288
feat_1289,integer,,Morgan fingerprint bit index 1289
feat_1290,integer,,Morgan fingerprint bit index 1290
feat_1291,integer,,Morgan fingerprint bit index 1291
feat_1292,integer,,Morgan fingerprint bit index 1292
feat_1293,integer,,Morgan fingerprint bit index 1293
feat_1294,integer,,Morgan fingerprint bit index 1294
feat_1295,integer,,Morgan fingerprint bit index 1295
feat_1296,integer,,Morgan fingerprint bit index 1296
feat_1297,integer,,Morgan fingerprint bit index 1297
feat_1298,integer,,Morgan fingerprint bit index 1298
feat_1299,integer,,Morgan fingerprint bit index 1299
feat_1300,integer,,Morgan fingerprint bit index 1300
feat_1301,integer,,Morgan fingerprint bit index 1301
feat_1302,integer,,Morgan fingerprint bit index 1302
feat_1303,integer,,Morgan fingerprint bit index 1303
feat_1304,integer,,Morgan fingerprint bit index 1304
feat_1305,integer,,Morgan fingerprint bit index 1305
feat_1306,integer,,Morgan fingerprint bit index 1306
feat_1307,integer,,Morgan fingerprint bit index 1307
feat_1308,integer,,Morgan fingerprint bit index 1308
feat_1309,integer,,Morgan fingerprint bit index 1309
feat_1310,integer,,Morgan fingerprint bit index 1310
feat_1311,integer,,Morgan fingerprint bit index 1311
feat_1312,integer,,Morgan fingerprint bit index 1312
feat_1313,integer,,Morgan fingerprint bit index 1313
feat_1314,integer,,Morgan fingerprint bit index 1314
feat_1315,integer,,Morgan fingerprint bit index 1315
feat_1316,integer,,Morgan fingerprint bit index 1316
feat_1317,integer,,Morgan fingerprint bit index 1317
feat_1318,integer,,Morgan fingerprint bit index 1318
feat_1319,integer,,Morgan fingerprint bit index 1319
feat_1320,integer,,Morgan fingerprint bit index 1320
feat_1321,integer,,Morgan fingerprint bit index 1321
feat_1322,integer,,Morgan fingerprint bit index 1322
feat_1323,integer,,Morgan fingerprint bit index 1323
feat_1324,integer,,Morgan fingerprint bit index 1324
feat_1325,integer,,Morgan fingerprint bit index 1325
feat_1326,integer,,Morgan fingerprint bit index 1326
feat_1327,integer,,Morgan fingerprint bit index 1327
feat_1328,integer,,Morgan fingerprint bit index 1328
feat_1329,integer,,Morgan fingerprint bit index 1329
feat_1330,integer,,Morgan fingerprint bit index 1330
feat_1331,integer,,Morgan fingerprint bit index 1331
feat_1332,integer,,Morgan fingerprint bit index 1332
feat_1333,integer,,Morgan fingerprint bit index 1333
feat_1334,integer,,Morgan fingerprint bit index 1334
feat_1335,integer,,Morgan fingerprint bit index 1335
feat_1336,integer,,Morgan fingerprint bit index 1336
feat_1337,integer,,Morgan fingerprint bit index 1337
feat_1338,integer,,Morgan fingerprint bit index 1338
feat_1339,integer,,Morgan fingerprint bit index 1339
feat_1340,integer,,Morgan fingerprint bit index 1340
feat_1341,integer,,Morgan fingerprint bit index 1341
feat_1342,integer,,Morgan fingerprint bit index 1342
feat_1343,integer,,Morgan fingerprint bit index 1343
feat_1344,integer,,Morgan fingerprint bit index 1344
feat_1345,integer,,Morgan fingerprint bit index 1345
feat_1346,integer,,Morgan fingerprint bit index 1346
feat_1347,integer,,Morgan fingerprint bit index 1347
feat_1348,integer,,Morgan fingerprint bit index 1348
feat_1349,integer,,Morgan fingerprint bit index 1349
feat_1350,integer,,Morgan fingerprint bit index 1350
feat_1351,integer,,Morgan fingerprint bit index 1351
feat_1352,integer,,Morgan fingerprint bit index 1352
feat_1353,integer,,Morgan fingerprint bit index 1353
feat_1354,integer,,Morgan fingerprint bit index 1354
feat_1355,integer,,Morgan fingerprint bit index 1355
feat_1356,integer,,Morgan fingerprint bit index 1356
feat_1357,integer,,Morgan fingerprint bit index 1357
feat_1358,integer,,Morgan fingerprint bit index 1358
feat_1359,integer,,Morgan fingerprint bit index 1359
feat_1360,integer,,Morgan fingerprint bit index 1360
feat_1361,integer,,Morgan fingerprint bit index 1361
feat_1362,integer,,Morgan fingerprint bit index 1362
feat_1363,integer,,Morgan fingerprint bit index 1363
feat_1364,integer,,Morgan fingerprint bit index 1364
feat_1365,integer,,Morgan fingerprint bit index 1365
feat_1366,integer,,Morgan fingerprint bit index 1366
feat_1367,integer,,Morgan fingerprint bit index 1367
feat_1368,integer,,Morgan fingerprint bit index 1368
feat_1369,integer,,Morgan fingerprint bit index 1369
feat_1370,integer,,Morgan fingerprint bit index 1370
feat_1371,integer,,Morgan fingerprint bit index 1371
feat_1372,integer,,Morgan fingerprint bit index 1372
feat_1373,integer,,Morgan fingerprint bit index 1373
feat_1374,integer,,Morgan fingerprint bit index 1374
feat_1375,integer,,Morgan fingerprint bit index 1375
feat_1376,integer,,Morgan fingerprint bit index 1376
feat_1377,integer,,Morgan fingerprint bit index 1377
feat_1378,integer,,Morgan fingerprint bit index 1378
feat_1379,integer,,Morgan fingerprint bit index 1379
feat_1380,integer,,Morgan fingerprint bit index 1380
feat_1381,integer,,Morgan fingerprint bit index 1381
feat_1382,integer,,Morgan fingerprint bit index 1382
feat_1383,integer,,Morgan fingerprint bit index 1383
feat_1384,integer,,Morgan fingerprint bit index 1384
feat_1385,integer,,Morgan fingerprint bit index 1385
feat_1386,integer,,Morgan fingerprint bit index 1386
feat_1387,integer,,Morgan fingerprint bit index 1387
feat_1388,integer,,Morgan fingerprint bit index 1388
feat_1389,integer,,Morgan fingerprint bit index 1389
feat_1390,integer,,Morgan fingerprint bit index 1390
feat_1391,integer,,Morgan fingerprint bit index 1391
feat_1392,integer,,Morgan fingerprint bit index 1392
feat_1393,integer,,Morgan fingerprint bit index 1393
feat_1394,integer,,Morgan fingerprint bit index 1394
feat_1395,integer,,Morgan fingerprint bit index 1395
feat_1396,integer,,Morgan fingerprint bit index 1396
feat_1397,integer,,Morgan fingerprint bit index 1397
feat_1398,integer,,Morgan fingerprint bit index 1398
feat_1399,integer,,Morgan fingerprint bit index 1399
feat_1400,integer,,Morgan fingerprint bit index 1400
feat_1401,integer,,Morgan fingerprint bit index 1401
feat_1402,integer,,Morgan fingerprint bit index 1402
feat_1403,integer,,Morgan fingerprint bit index 1403
feat_1404,integer,,Morgan fingerprint bit index 1404
feat_1405,integer,,Morgan fingerprint bit index 1405
feat_1406,integer,,Morgan fingerprint bit index 1406
feat_1407,integer,,Morgan fingerprint bit index 1407
feat_1408,integer,,Morgan fingerprint bit index 1408
feat_1409,integer,,Morgan fingerprint bit index 1409
feat_1410,integer,,Morgan fingerprint bit index 1410
feat_1411,integer,,Morgan fingerprint bit index 1411
feat_1412,integer,,Morgan fingerprint bit index 1412
feat_1413,integer,,Morgan fingerprint bit index 1413
feat_1414,integer,,Morgan fingerprint bit index 1414
feat_1415,integer,,Morgan fingerprint bit index 1415
feat_1416,integer,,Morgan fingerprint bit index 1416
feat_1417,integer,,Morgan fingerprint bit index 1417
feat_1418,integer,,Morgan fingerprint bit index 1418
feat_1419,integer,,Morgan fingerprint bit index 1419
feat_1420,integer,,Morgan fingerprint bit index 1420
feat_1421,integer,,Morgan fingerprint bit index 1421
feat_1422,integer,,Morgan fingerprint bit index 1422
feat_1423,integer,,Morgan fingerprint bit index 1423
feat_1424,integer,,Morgan fingerprint bit index 1424
feat_1425,integer,,Morgan fingerprint bit index 1425
feat_1426,integer,,Morgan fingerprint bit index 1426
feat_1427,integer,,Morgan fingerprint bit index 1427
feat_1428,integer,,Morgan fingerprint bit index 1428
feat_1429,integer,,Morgan fingerprint bit index 1429
feat_1430,integer,,Morgan fingerprint bit index 1430
feat_1431,integer,,Morgan fingerprint bit index 1431
feat_1432,integer,,Morgan fingerprint bit index 1432
feat_1433,integer,,Morgan fingerprint bit index 1433
feat_1434,integer,,Morgan fingerprint bit index 1434
feat_1435,integer,,Morgan fingerprint bit index 1435
feat_1436,integer,,Morgan fingerprint bit index 1436
feat_1437,integer,,Morgan fingerprint bit index 1437
feat_1438,integer,,Morgan fingerprint bit index 1438
feat_1439,integer,,Morgan fingerprint bit index 1439
feat_1440,integer,,Morgan fingerprint bit index 1440
feat_1441,integer,,Morgan fingerprint bit index 1441
feat_1442,integer,,Morgan fingerprint bit index 1442
feat_1443,integer,,Morgan fingerprint bit index 1443
feat_1444,integer,,Morgan fingerprint bit index 1444
feat_1445,integer,,Morgan fingerprint bit index 1445
feat_1446,integer,,Morgan fingerprint bit index 1446
feat_1447,integer,,Morgan fingerprint bit index 1447
feat_1448,integer,,Morgan fingerprint bit index 1448
feat_1449,integer,,Morgan fingerprint bit index 1449
feat_1450,integer,,Morgan fingerprint bit index 1450
feat_1451,integer,,Morgan fingerprint bit index 1451
feat_1452,integer,,Morgan fingerprint bit index 1452
feat_1453,integer,,Morgan fingerprint bit index 1453
feat_1454,integer,,Morgan fingerprint bit index 1454
feat_1455,integer,,Morgan fingerprint bit index 1455
feat_1456,integer,,Morgan fingerprint bit index 1456
feat_1457,integer,,Morgan fingerprint bit index 1457
feat_1458,integer,,Morgan fingerprint bit index 1458
feat_1459,integer,,Morgan fingerprint bit index 1459
feat_1460,integer,,Morgan fingerprint bit index 1460
feat_1461,integer,,Morgan fingerprint bit index 1461
feat_1462,integer,,Morgan fingerprint bit index 1462
feat_1463,integer,,Morgan fingerprint bit index 1463
feat_1464,integer,,Morgan fingerprint bit index 1464
feat_1465,integer,,Morgan fingerprint bit index 1465
feat_1466,integer,,Morgan fingerprint bit index 1466
feat_1467,integer,,Morgan fingerprint bit index 1467
feat_1468,integer,,Morgan fingerprint bit index 1468
feat_1469,integer,,Morgan fingerprint bit index 1469
feat_1470,integer,,Morgan fingerprint bit index 1470
feat_1471,integer,,Morgan fingerprint bit index 1471
feat_1472,integer,,Morgan fingerprint bit index 1472
feat_1473,integer,,Morgan fingerprint bit index 1473
feat_1474,integer,,Morgan fingerprint bit index 1474
feat_1475,integer,,Morgan fingerprint bit index 1475
feat_1476,integer,,Morgan fingerprint bit index 1476
feat_1477,integer,,Morgan fingerprint bit index 1477
feat_1478,integer,,Morgan fingerprint bit index 1478
feat_1479,integer,,Morgan fingerprint bit index 1479
feat_1480,integer,,Morgan fingerprint bit index 1480
feat_1481,integer,,Morgan fingerprint bit index 1481
feat_1482,integer,,Morgan fingerprint bit index 1482
feat_1483,integer,,Morgan fingerprint bit index 1483
feat_1484,integer,,Morgan fingerprint bit index 1484
feat_1485,integer,,Morgan fingerprint bit index 1485
feat_1486,integer,,Morgan fingerprint bit index 1486
feat_1487,integer,,Morgan fingerprint bit index 1487
feat_1488,integer,,Morgan fingerprint bit index 1488
feat_1489,integer,,Morgan fingerprint bit index 1489
feat_1490,integer,,Morgan fingerprint bit index 1490
feat_1491,integer,,Morgan fingerprint bit index 1491
feat_1492,integer,,Morgan fingerprint bit index 1492
feat_1493,integer,,Morgan fingerprint bit index 1493
feat_1494,integer,,Morgan fingerprint bit index 1494
feat_1495,integer,,Morgan fingerprint bit index 1495
feat_1496,integer,,Morgan fingerprint bit index 1496
feat_1497,integer,,Morgan fingerprint bit index 1497
feat_1498,integer,,Morgan fingerprint bit index 1498
feat_1499,integer,,Morgan fingerprint bit index 1499
feat_1500,integer,,Morgan fingerprint bit index 1500
feat_1501,integer,,Morgan fingerprint bit index 1501
feat_1502,integer,,Morgan fingerprint bit index 1502
feat_1503,integer,,Morgan fingerprint bit index 1503
feat_1504,integer,,Morgan fingerprint bit index 1504
feat_1505,integer,,Morgan fingerprint bit index 1505
feat_1506,integer,,Morgan fingerprint bit index 1506
feat_1507,integer,,Morgan fingerprint bit index 1507
feat_1508,integer,,Morgan fingerprint bit index 1508
feat_1509,integer,,Morgan fingerprint bit index 1509
feat_1510,integer,,Morgan fingerprint bit index 1510
feat_1511,integer,,Morgan fingerprint bit index 1511
feat_1512,integer,,Morgan fingerprint bit index 1512
feat_1513,integer,,Morgan fingerprint bit index 1513
feat_1514,integer,,Morgan fingerprint bit index 1514
feat_1515,integer,,Morgan fingerprint bit index 1515
feat_1516,integer,,Morgan fingerprint bit index 1516
feat_1517,integer,,Morgan fingerprint bit index 1517
feat_1518,integer,,Morgan fingerprint bit index 1518
feat_1519,integer,,Morgan fingerprint bit index 1519
feat_1520,integer,,Morgan fingerprint bit index 1520
feat_1521,integer,,Morgan fingerprint bit index 1521
feat_1522,integer,,Morgan fingerprint bit index 1522
feat_1523,integer,,Morgan fingerprint bit index 1523
feat_1524,integer,,Morgan fingerprint bit index 1524
feat_1525,integer,,Morgan fingerprint bit index 1525
feat_1526,integer,,Morgan fingerprint bit index 1526
feat_1527,integer,,Morgan fingerprint bit index 1527
feat_1528,integer,,Morgan fingerprint bit index 1528
feat_1529,integer,,Morgan fingerprint bit index 1529
feat_1530,integer,,Morgan fingerprint bit index 1530
feat_1531,integer,,Morgan fingerprint bit index 1531
feat_1532,integer,,Morgan fingerprint bit index 1532
feat_1533,integer,,Morgan fingerprint bit index 1533
feat_1534,integer,,Morgan fingerprint bit index 1534
feat_1535,integer,,Morgan fingerprint bit index 1535
feat_1536,integer,,Morgan fingerprint bit index 1536
feat_1537,integer,,Morgan fingerprint bit index 1537
feat_1538,integer,,Morgan fingerprint bit index 1538
feat_1539,integer,,Morgan fingerprint bit index 1539
feat_1540,integer,,Morgan fingerprint bit index 1540
feat_1541,integer,,Morgan fingerprint bit index 1541
feat_1542,integer,,Morgan fingerprint bit index 1542
feat_1543,integer,,Morgan fingerprint bit index 1543
feat_1544,integer,,Morgan fingerprint bit index 1544
feat_1545,integer,,Morgan fingerprint bit index 1545
feat_1546,integer,,Morgan fingerprint bit index 1546
feat_1547,integer,,Morgan fingerprint bit index 1547
feat_1548,integer,,Morgan fingerprint bit index 1548
feat_1549,integer,,Morgan fingerprint bit index 1549
feat_1550,integer,,Morgan fingerprint bit index 1550
feat_1551,integer,,Morgan fingerprint bit index 1551
feat_1552,integer,,Morgan fingerprint bit index 1552
feat_1553,integer,,Morgan fingerprint bit index 1553
feat_1554,integer,,Morgan fingerprint bit index 1554
feat_1555,integer,,Morgan fingerprint bit index 1555
feat_1556,integer,,Morgan fingerprint bit index 1556
feat_1557,integer,,Morgan fingerprint bit index 1557
feat_1558,integer,,Morgan fingerprint bit index 1558
feat_1559,integer,,Morgan fingerprint bit index 1559
feat_1560,integer,,Morgan fingerprint bit index 1560
feat_1561,integer,,Morgan fingerprint bit index 1561
feat_1562,integer,,Morgan fingerprint bit index 1562
feat_1563,integer,,Morgan fingerprint bit index 1563
feat_1564,integer,,Morgan fingerprint bit index 1564
feat_1565,integer,,Morgan fingerprint bit index 1565
feat_1566,integer,,Morgan fingerprint bit index 1566
feat_1567,integer,,Morgan fingerprint bit index 1567
feat_1568,integer,,Morgan fingerprint bit index 1568
feat_1569,integer,,Morgan fingerprint bit index 1569
feat_1570,integer,,Morgan fingerprint bit index 1570
feat_1571,integer,,Morgan fingerprint bit index 1571
feat_1572,integer,,Morgan fingerprint bit index 1572
feat_1573,integer,,Morgan fingerprint bit index 1573
feat_1574,integer,,Morgan fingerprint bit index 1574
feat_1575,integer,,Morgan fingerprint bit index 1575
feat_1576,integer,,Morgan fingerprint bit index 1576
feat_1577,integer,,Morgan fingerprint bit index 1577
feat_1578,integer,,Morgan fingerprint bit index 1578
feat_1579,integer,,Morgan fingerprint bit index 1579
feat_1580,integer,,Morgan fingerprint bit index 1580
feat_1581,integer,,Morgan fingerprint bit index 1581
feat_1582,integer,,Morgan fingerprint bit index 1582
feat_1583,integer,,Morgan fingerprint bit index 1583
feat_1584,integer,,Morgan fingerprint bit index 1584
feat_1585,integer,,Morgan fingerprint bit index 1585
feat_1586,integer,,Morgan fingerprint bit index 1586
feat_1587,integer,,Morgan fingerprint bit index 1587
feat_1588,integer,,Morgan fingerprint bit index 1588
feat_1589,integer,,Morgan fingerprint bit index 1589
feat_1590,integer,,Morgan fingerprint bit index 1590
feat_1591,integer,,Morgan fingerprint bit index 1591
feat_1592,integer,,Morgan fingerprint bit index 1592
feat_1593,integer,,Morgan fingerprint bit index 1593
feat_1594,integer,,Morgan fingerprint bit index 1594
feat_1595,integer,,Morgan fingerprint bit index 1595
feat_1596,integer,,Morgan fingerprint bit index 1596
feat_1597,integer,,Morgan fingerprint bit index 1597
feat_1598,integer,,Morgan fingerprint bit index 1598
feat_1599,integer,,Morgan fingerprint bit index 1599
feat_1600,integer,,Morgan fingerprint bit index 1600
feat_1601,integer,,Morgan fingerprint bit index 1601
feat_1602,integer,,Morgan fingerprint bit index 1602
feat_1603,integer,,Morgan fingerprint bit index 1603
feat_1604,integer,,Morgan fingerprint bit index 1604
feat_1605,integer,,Morgan fingerprint bit index 1605
feat_1606,integer,,Morgan fingerprint bit index 1606
feat_1607,integer,,Morgan fingerprint bit index 1607
feat_1608,integer,,Morgan fingerprint bit index 1608
feat_1609,integer,,Morgan fingerprint bit index 1609
feat_1610,integer,,Morgan fingerprint bit index 1610
feat_1611,integer,,Morgan fingerprint bit index 1611
feat_1612,integer,,Morgan fingerprint bit index 1612
feat_1613,integer,,Morgan fingerprint bit index 1613
feat_1614,integer,,Morgan fingerprint bit index 1614
feat_1615,integer,,Morgan fingerprint bit index 1615
feat_1616,integer,,Morgan fingerprint bit index 1616
feat_1617,integer,,Morgan fingerprint bit index 1617
feat_1618,integer,,Morgan fingerprint bit index 1618
feat_1619,integer,,Morgan fingerprint bit index 1619
feat_1620,integer,,Morgan fingerprint bit index 1620
feat_1621,integer,,Morgan fingerprint bit index 1621
feat_1622,integer,,Morgan fingerprint bit index 1622
feat_1623,integer,,Morgan fingerprint bit index 1623
feat_1624,integer,,Morgan fingerprint bit index 1624
feat_1625,integer,,Morgan fingerprint bit index 1625
feat_1626,integer,,Morgan fingerprint bit index 1626
feat_1627,integer,,Morgan fingerprint bit index 1627
feat_1628,integer,,Morgan fingerprint bit index 1628
feat_1629,integer,,Morgan fingerprint bit index 1629
feat_1630,integer,,Morgan fingerprint bit index 1630
feat_1631,integer,,Morgan fingerprint bit index 1631
feat_1632,integer,,Morgan fingerprint bit index 1632
feat_1633,integer,,Morgan fingerprint bit index 1633
feat_1634,integer,,Morgan fingerprint bit index 1634
feat_1635,integer,,Morgan fingerprint bit index 1635
feat_1636,integer,,Morgan fingerprint bit index 1636
feat_1637,integer,,Morgan fingerprint bit index 1637
feat_1638,integer,,Morgan fingerprint bit index 1638
feat_1639,integer,,Morgan fingerprint bit index 1639
feat_1640,integer,,Morgan fingerprint bit index 1640
feat_1641,integer,,Morgan fingerprint bit index 1641
feat_1642,integer,,Morgan fingerprint bit index 1642
feat_1643,integer,,Morgan fingerprint bit index 1643
feat_1644,integer,,Morgan fingerprint bit index 1644
feat_1645,integer,,Morgan fingerprint bit index 1645
feat_1646,integer,,Morgan fingerprint bit index 1646
feat_1647,integer,,Morgan fingerprint bit index 1647
feat_1648,integer,,Morgan fingerprint bit index 1648
feat_1649,integer,,Morgan fingerprint bit index 1649
feat_1650,integer,,Morgan fingerprint bit index 1650
feat_1651,integer,,Morgan fingerprint bit index 1651
feat_1652,integer,,Morgan fingerprint bit index 1652
feat_1653,integer,,Morgan fingerprint bit index 1653
feat_1654,integer,,Morgan fingerprint bit index 1654
feat_1655,integer,,Morgan fingerprint bit index 1655
feat_1656,integer,,Morgan fingerprint bit index 1656
feat_1657,integer,,Morgan fingerprint bit index 1657
feat_1658,integer,,Morgan fingerprint bit index 1658
feat_1659,integer,,Morgan fingerprint bit index 1659
feat_1660,integer,,Morgan fingerprint bit index 1660
feat_1661,integer,,Morgan fingerprint bit index 1661
feat_1662,integer,,Morgan fingerprint bit index 1662
feat_1663,integer,,Morgan fingerprint bit index 1663
feat_1664,integer,,Morgan fingerprint bit index 1664
feat_1665,integer,,Morgan fingerprint bit index 1665
feat_1666,integer,,Morgan fingerprint bit index 1666
feat_1667,integer,,Morgan fingerprint bit index 1667
feat_1668,integer,,Morgan fingerprint bit index 1668
feat_1669,integer,,Morgan fingerprint bit index 1669
feat_1670,integer,,Morgan fingerprint bit index 1670
feat_1671,integer,,Morgan fingerprint bit index 1671
feat_1672,integer,,Morgan fingerprint bit index 1672
feat_1673,integer,,Morgan fingerprint bit index 1673
feat_1674,integer,,Morgan fingerprint bit index 1674
feat_1675,integer,,Morgan fingerprint bit index 1675
feat_1676,integer,,Morgan fingerprint bit index 1676
feat_1677,integer,,Morgan fingerprint bit index 1677
feat_1678,integer,,Morgan fingerprint bit index 1678
feat_1679,integer,,Morgan fingerprint bit index 1679
feat_1680,integer,,Morgan fingerprint bit index 1680
feat_1681,integer,,Morgan fingerprint bit index 1681
feat_1682,integer,,Morgan fingerprint bit index 1682
feat_1683,integer,,Morgan fingerprint bit index 1683
feat_1684,integer,,Morgan fingerprint bit index 1684
feat_1685,integer,,Morgan fingerprint bit index 1685
feat_1686,integer,,Morgan fingerprint bit index 1686
feat_1687,integer,,Morgan fingerprint bit index 1687
feat_1688,integer,,Morgan fingerprint bit index 1688
feat_1689,integer,,Morgan fingerprint bit index 1689
feat_1690,integer,,Morgan fingerprint bit index 1690
feat_1691,integer,,Morgan fingerprint bit index 1691
feat_1692,integer,,Morgan fingerprint bit index 1692
feat_1693,integer,,Morgan fingerprint bit index 1693
feat_1694,integer,,Morgan fingerprint bit index 1694
feat_1695,integer,,Morgan fingerprint bit index 1695
feat_1696,integer,,Morgan fingerprint bit index 1696
feat_1697,integer,,Morgan fingerprint bit index 1697
feat_1698,integer,,Morgan fingerprint bit index 1698
feat_1699,integer,,Morgan fingerprint bit index 1699
feat_1700,integer,,Morgan fingerprint bit index 1700
feat_1701,integer,,Morgan fingerprint bit index 1701
feat_1702,integer,,Morgan fingerprint bit index 1702
feat_1703,integer,,Morgan fingerprint bit index 1703
feat_1704,integer,,Morgan fingerprint bit index 1704
feat_1705,integer,,Morgan fingerprint bit index 1705
feat_1706,integer,,Morgan fingerprint bit index 1706
feat_1707,integer,,Morgan fingerprint bit index 1707
feat_1708,integer,,Morgan fingerprint bit index 1708
feat_1709,integer,,Morgan fingerprint bit index 1709
feat_1710,integer,,Morgan fingerprint bit index 1710
feat_1711,integer,,Morgan fingerprint bit index 1711
feat_1712,integer,,Morgan fingerprint bit index 1712
feat_1713,integer,,Morgan fingerprint bit index 1713
feat_1714,integer,,Morgan fingerprint bit index 1714
feat_1715,integer,,Morgan fingerprint bit index 1715
feat_1716,integer,,Morgan fingerprint bit index 1716
feat_1717,integer,,Morgan fingerprint bit index 1717
feat_1718,integer,,Morgan fingerprint bit index 1718
feat_1719,integer,,Morgan fingerprint bit index 1719
feat_1720,integer,,Morgan fingerprint bit index 1720
feat_1721,integer,,Morgan fingerprint bit index 1721
feat_1722,integer,,Morgan fingerprint bit index 1722
feat_1723,integer,,Morgan fingerprint bit index 1723
feat_1724,integer,,Morgan fingerprint bit index 1724
feat_1725,integer,,Morgan fingerprint bit index 1725
feat_1726,integer,,Morgan fingerprint bit index 1726
feat_1727,integer,,Morgan fingerprint bit index 1727
feat_1728,integer,,Morgan fingerprint bit index 1728
feat_1729,integer,,Morgan fingerprint bit index 1729
feat_1730,integer,,Morgan fingerprint bit index 1730
feat_1731,integer,,Morgan fingerprint bit index 1731
feat_1732,integer,,Morgan fingerprint bit index 1732
feat_1733,integer,,Morgan fingerprint bit index 1733
feat_1734,integer,,Morgan fingerprint bit index 1734
feat_1735,integer,,Morgan fingerprint bit index 1735
feat_1736,integer,,Morgan fingerprint bit index 1736
feat_1737,integer,,Morgan fingerprint bit index 1737
feat_1738,integer,,Morgan fingerprint bit index 1738
feat_1739,integer,,Morgan fingerprint bit index 1739
feat_1740,integer,,Morgan fingerprint bit index 1740
feat_1741,integer,,Morgan fingerprint bit index 1741
feat_1742,integer,,Morgan fingerprint bit index 1742
feat_1743,integer,,Morgan fingerprint bit index 1743
feat_1744,integer,,Morgan fingerprint bit index 1744
feat_1745,integer,,Morgan fingerprint bit index 1745
feat_1746,integer,,Morgan fingerprint bit index 1746
feat_1747,integer,,Morgan fingerprint bit index 1747
feat_1748,integer,,Morgan fingerprint bit index 1748
feat_1749,integer,,Morgan fingerprint bit index 1749
feat_1750,integer,,Morgan fingerprint bit index 1750
feat_1751,integer,,Morgan fingerprint bit index 1751
feat_1752,integer,,Morgan fingerprint bit index 1752
feat_1753,integer,,Morgan fingerprint bit index 1753
feat_1754,integer,,Morgan fingerprint bit index 1754
feat_1755,integer,,Morgan fingerprint bit index 1755
feat_1756,integer,,Morgan fingerprint bit index 1756
feat_1757,integer,,Morgan fingerprint bit index 1757
feat_1758,integer,,Morgan fingerprint bit index 1758
feat_1759,integer,,Morgan fingerprint bit index 1759
feat_1760,integer,,Morgan fingerprint bit index 1760
feat_1761,integer,,Morgan fingerprint bit index 1761
feat_1762,integer,,Morgan fingerprint bit index 1762
feat_1763,integer,,Morgan fingerprint bit index 1763
feat_1764,integer,,Morgan fingerprint bit index 1764
feat_1765,integer,,Morgan fingerprint bit index 1765
feat_1766,integer,,Morgan fingerprint bit index 1766
feat_1767,integer,,Morgan fingerprint bit index 1767
feat_1768,integer,,Morgan fingerprint bit index 1768
feat_1769,integer,,Morgan fingerprint bit index 1769
feat_1770,integer,,Morgan fingerprint bit index 1770
feat_1771,integer,,Morgan fingerprint bit index 1771
feat_1772,integer,,Morgan fingerprint bit index 1772
feat_1773,integer,,Morgan fingerprint bit index 1773
feat_1774,integer,,Morgan fingerprint bit index 1774
feat_1775,integer,,Morgan fingerprint bit index 1775
feat_1776,integer,,Morgan fingerprint bit index 1776
feat_1777,integer,,Morgan fingerprint bit index 1777
feat_1778,integer,,Morgan fingerprint bit index 1778
feat_1779,integer,,Morgan fingerprint bit index 1779
feat_1780,integer,,Morgan fingerprint bit index 1780
feat_1781,integer,,Morgan fingerprint bit index 1781
feat_1782,integer,,Morgan fingerprint bit index 1782
feat_1783,integer,,Morgan fingerprint bit index 1783
feat_1784,integer,,Morgan fingerprint bit index 1784
feat_1785,integer,,Morgan fingerprint bit index 1785
feat_1786,integer,,Morgan fingerprint bit index 1786
feat_1787,integer,,Morgan fingerprint bit index 1787
feat_1788,integer,,Morgan fingerprint bit index 1788
feat_1789,integer,,Morgan fingerprint bit index 1789
feat_1790,integer,,Morgan fingerprint bit index 1790
feat_1791,integer,,Morgan fingerprint bit index 1791
feat_1792,integer,,Morgan fingerprint bit index 1792
feat_1793,integer,,Morgan fingerprint bit index 1793
feat_1794,integer,,Morgan fingerprint bit index 1794
feat_1795,integer,,Morgan fingerprint bit index 1795
feat_1796,integer,,Morgan fingerprint bit index 1796
feat_1797,integer,,Morgan fingerprint bit index 1797
feat_1798,integer,,Morgan fingerprint bit index 1798
feat_1799,integer,,Morgan fingerprint bit index 1799
feat_1800,integer,,Morgan fingerprint bit index 1800
feat_1801,integer,,Morgan fingerprint bit index 1801
feat_1802,integer,,Morgan fingerprint bit index 1802
feat_1803,integer,,Morgan fingerprint bit index 1803
feat_1804,integer,,Morgan fingerprint bit index 1804
feat_1805,integer,,Morgan fingerprint bit index 1805
feat_1806,integer,,Morgan fingerprint bit index 1806
feat_1807,integer,,Morgan fingerprint bit index 1807
feat_1808,integer,,Morgan fingerprint bit index 1808
feat_1809,integer,,Morgan fingerprint bit index 1809
feat_1810,integer,,Morgan fingerprint bit index 1810
feat_1811,integer,,Morgan fingerprint bit index 1811
feat_1812,integer,,Morgan fingerprint bit index 1812
feat_1813,integer,,Morgan fingerprint bit index 1813
feat_1814,integer,,Morgan fingerprint bit index 1814
feat_1815,integer,,Morgan fingerprint bit index 1815
feat_1816,integer,,Morgan fingerprint bit index 1816
feat_1817,integer,,Morgan fingerprint bit index 1817
feat_1818,integer,,Morgan fingerprint bit index 1818
feat_1819,integer,,Morgan fingerprint bit index 1819
feat_1820,integer,,Morgan fingerprint bit index 1820
feat_1821,integer,,Morgan fingerprint bit index 1821
feat_1822,integer,,Morgan fingerprint bit index 1822
feat_1823,integer,,Morgan fingerprint bit index 1823
feat_1824,integer,,Morgan fingerprint bit index 1824
feat_1825,integer,,Morgan fingerprint bit index 1825
feat_1826,integer,,Morgan fingerprint bit index 1826
feat_1827,integer,,Morgan fingerprint bit index 1827
feat_1828,integer,,Morgan fingerprint bit index 1828
feat_1829,integer,,Morgan fingerprint bit index 1829
feat_1830,integer,,Morgan fingerprint bit index 1830
feat_1831,integer,,Morgan fingerprint bit index 1831
feat_1832,integer,,Morgan fingerprint bit index 1832
feat_1833,integer,,Morgan fingerprint bit index 1833
feat_1834,integer,,Morgan fingerprint bit index 1834
feat_1835,integer,,Morgan fingerprint bit index 1835
feat_1836,integer,,Morgan fingerprint bit index 1836
feat_1837,integer,,Morgan fingerprint bit index 1837
feat_1838,integer,,Morgan fingerprint bit index 1838
feat_1839,integer,,Morgan fingerprint bit index 1839
feat_1840,integer,,Morgan fingerprint bit index 1840
feat_1841,integer,,Morgan fingerprint bit index 1841
feat_1842,integer,,Morgan fingerprint bit index 1842
feat_1843,integer,,Morgan fingerprint bit index 1843
feat_1844,integer,,Morgan fingerprint bit index 1844
feat_1845,integer,,Morgan fingerprint bit index 1845
feat_1846,integer,,Morgan fingerprint bit index 1846
feat_1847,integer,,Morgan fingerprint bit index 1847
feat_1848,integer,,Morgan fingerprint bit index 1848
feat_1849,integer,,Morgan fingerprint bit index 1849
feat_1850,integer,,Morgan fingerprint bit index 1850
feat_1851,integer,,Morgan fingerprint bit index 1851
feat_1852,integer,,Morgan fingerprint bit index 1852
feat_1853,integer,,Morgan fingerprint bit index 1853
feat_1854,integer,,Morgan fingerprint bit index 1854
feat_1855,integer,,Morgan fingerprint bit index 1855
feat_1856,integer,,Morgan fingerprint bit index 1856
feat_1857,integer,,Morgan fingerprint bit index 1857
feat_1858,integer,,Morgan fingerprint bit index 1858
feat_1859,integer,,Morgan fingerprint bit index 1859
feat_1860,integer,,Morgan fingerprint bit index 1860
feat_1861,integer,,Morgan fingerprint bit index 1861
feat_1862,integer,,Morgan fingerprint bit index 1862
feat_1863,integer,,Morgan fingerprint bit index 1863
feat_1864,integer,,Morgan fingerprint bit index 1864
feat_1865,integer,,Morgan fingerprint bit index 1865
feat_1866,integer,,Morgan fingerprint bit index 1866
feat_1867,integer,,Morgan fingerprint bit index 1867
feat_1868,integer,,Morgan fingerprint bit index 1868
feat_1869,integer,,Morgan fingerprint bit index 1869
feat_1870,integer,,Morgan fingerprint bit index 1870
feat_1871,integer,,Morgan fingerprint bit index 1871
feat_1872,integer,,Morgan fingerprint bit index 1872
feat_1873,integer,,Morgan fingerprint bit index 1873
feat_1874,integer,,Morgan fingerprint bit index 1874
feat_1875,integer,,Morgan fingerprint bit index 1875
feat_1876,integer,,Morgan fingerprint bit index 1876
feat_1877,integer,,Morgan fingerprint bit index 1877
feat_1878,integer,,Morgan fingerprint bit index 1878
feat_1879,integer,,Morgan fingerprint bit index 1879
feat_1880,integer,,Morgan fingerprint bit index 1880
feat_1881,integer,,Morgan fingerprint bit index 1881
feat_1882,integer,,Morgan fingerprint bit index 1882
feat_1883,integer,,Morgan fingerprint bit index 1883
feat_1884,integer,,Morgan fingerprint bit index 1884
feat_1885,integer,,Morgan fingerprint bit index 1885
feat_1886,integer,,Morgan fingerprint bit index 1886
feat_1887,integer,,Morgan fingerprint bit index 1887
feat_1888,integer,,Morgan fingerprint bit index 1888
feat_1889,integer,,Morgan fingerprint bit index 1889
feat_1890,integer,,Morgan fingerprint bit index 1890
feat_1891,integer,,Morgan fingerprint bit index 1891
feat_1892,integer,,Morgan fingerprint bit index 1892
feat_1893,integer,,Morgan fingerprint bit index 1893
feat_1894,integer,,Morgan fingerprint bit index 1894
feat_1895,integer,,Morgan fingerprint bit index 1895
feat_1896,integer,,Morgan fingerprint bit index 1896
feat_1897,integer,,Morgan fingerprint bit index 1897
feat_1898,integer,,Morgan fingerprint bit index 1898
feat_1899,integer,,Morgan fingerprint bit index 1899
feat_1900,integer,,Morgan fingerprint bit index 1900
feat_1901,integer,,Morgan fingerprint bit index 1901
feat_1902,integer,,Morgan fingerprint bit index 1902
feat_1903,integer,,Morgan fingerprint bit index 1903
feat_1904,integer,,Morgan fingerprint bit index 1904
feat_1905,integer,,Morgan fingerprint bit index 1905
feat_1906,integer,,Morgan fingerprint bit index 1906
feat_1907,integer,,Morgan fingerprint bit index 1907
feat_1908,integer,,Morgan fingerprint bit index 1908
feat_1909,integer,,Morgan fingerprint bit index 1909
feat_1910,integer,,Morgan fingerprint bit index 1910
feat_1911,integer,,Morgan fingerprint bit index 1911
feat_1912,integer,,Morgan fingerprint bit index 1912
feat_1913,integer,,Morgan fingerprint bit index 1913
feat_1914,integer,,Morgan fingerprint bit index 1914
feat_1915,integer,,Morgan fingerprint bit index 1915
feat_1916,integer,,Morgan fingerprint bit index 1916
feat_1917,integer,,Morgan fingerprint bit index 1917
feat_1918,integer,,Morgan fingerprint bit index 1918
feat_1919,integer,,Morgan fingerprint bit index 1919
feat_1920,integer,,Morgan fingerprint bit index 1920
feat_1921,integer,,Morgan fingerprint bit index 1921
feat_1922,integer,,Morgan fingerprint bit index 1922
feat_1923,integer,,Morgan fingerprint bit index 1923
feat_1924,integer,,Morgan fingerprint bit index 1924
feat_1925,integer,,Morgan fingerprint bit index 1925
feat_1926,integer,,Morgan fingerprint bit index 1926
feat_1927,integer,,Morgan fingerprint bit index 1927
feat_1928,integer,,Morgan fingerprint bit index 1928
feat_1929,integer,,Morgan fingerprint bit index 1929
feat_1930,integer,,Morgan fingerprint bit index 1930
feat_1931,integer,,Morgan fingerprint bit index 1931
feat_1932,integer,,Morgan fingerprint bit index 1932
feat_1933,integer,,Morgan fingerprint bit index 1933
feat_1934,integer,,Morgan fingerprint bit index 1934
feat_1935,integer,,Morgan fingerprint bit index 1935
feat_1936,integer,,Morgan fingerprint bit index 1936
feat_1937,integer,,Morgan fingerprint bit index 1937
feat_1938,integer,,Morgan fingerprint bit index 1938
feat_1939,integer,,Morgan fingerprint bit index 1939
feat_1940,integer,,Morgan fingerprint bit index 1940
feat_1941,integer,,Morgan fingerprint bit index 1941
feat_1942,integer,,Morgan fingerprint bit index 1942
feat_1943,integer,,Morgan fingerprint bit index 1943
feat_1944,integer,,Morgan fingerprint bit index 1944
feat_1945,integer,,Morgan fingerprint bit index 1945
feat_1946,integer,,Morgan fingerprint bit index 1946
feat_1947,integer,,Morgan fingerprint bit index 1947
feat_1948,integer,,Morgan fingerprint bit index 1948
feat_1949,integer,,Morgan fingerprint bit index 1949
feat_1950,integer,,Morgan fingerprint bit index 1950
feat_1951,integer,,Morgan fingerprint bit index 1951
feat_1952,integer,,Morgan fingerprint bit index 1952
feat_1953,integer,,Morgan fingerprint bit index 1953
feat_1954,integer,,Morgan fingerprint bit index 1954
feat_1955,integer,,Morgan fingerprint bit index 1955
feat_1956,integer,,Morgan fingerprint bit index 1956
feat_1957,integer,,Morgan fingerprint bit index 1957
feat_1958,integer,,Morgan fingerprint bit index 1958
feat_1959,integer,,Morgan fingerprint bit index 1959
feat_1960,integer,,Morgan fingerprint bit index 1960
feat_1961,integer,,Morgan fingerprint bit index 1961
feat_1962,integer,,Morgan fingerprint bit index 1962
feat_1963,integer,,Morgan fingerprint bit index 1963
feat_1964,integer,,Morgan fingerprint bit index 1964
feat_1965,integer,,Morgan fingerprint bit index 1965
feat_1966,integer,,Morgan fingerprint bit index 1966
feat_1967,integer,,Morgan fingerprint bit index 1967
feat_1968,integer,,Morgan fingerprint bit index 1968
feat_1969,integer,,Morgan fingerprint bit index 1969
feat_1970,integer,,Morgan fingerprint bit index 1970
feat_1971,integer,,Morgan fingerprint bit index 1971
feat_1972,integer,,Morgan fingerprint bit index 1972
feat_1973,integer,,Morgan fingerprint bit index 1973
feat_1974,integer,,Morgan fingerprint bit index 1974
feat_1975,integer,,Morgan fingerprint bit index 1975
feat_1976,integer,,Morgan fingerprint bit index 1976
feat_1977,integer,,Morgan fingerprint bit index 1977
feat_1978,integer,,Morgan fingerprint bit index 1978
feat_1979,integer,,Morgan fingerprint bit index 1979
feat_1980,integer,,Morgan fingerprint bit index 1980
feat_1981,integer,,Morgan fingerprint bit index 1981
feat_1982,integer,,Morgan fingerprint bit index 1982
feat_1983,integer,,Morgan fingerprint bit index 1983
feat_1984,integer,,Morgan fingerprint bit index 1984
feat_1985,integer,,Morgan fingerprint bit index 1985
feat_1986,integer,,Morgan fingerprint bit index 1986
feat_1987,integer,,Morgan fingerprint bit index 1987
feat_1988,integer,,Morgan fingerprint bit index 1988
feat_1989,integer,,Morgan fingerprint bit index 1989
feat_1990,integer,,Morgan fingerprint bit index 1990
feat_1991,integer,,Morgan fingerprint bit index 1991
feat_1992,integer,,Morgan fingerprint bit index 1992
feat_1993,integer,,Morgan fingerprint bit index 1993
feat_1994,integer,,Morgan fingerprint bit index 1994
feat_1995,integer,,Morgan fingerprint bit index 1995
feat_1996,integer,,Morgan fingerprint bit index 1996
feat_1997,integer,,Morgan fingerprint bit index 1997
feat_1998,integer,,Morgan fingerprint bit index 1998
feat_1999,integer,,Morgan fingerprint bit index 1999
feat_2000,integer,,Morgan fingerprint bit index 2000
feat_2001,integer,,Morgan fingerprint bit index 2001
feat_2002,integer,,Morgan fingerprint bit index 2002
feat_2003,integer,,Morgan fingerprint bit index 2003
feat_2004,integer,,Morgan fingerprint bit index 2004
feat_2005,integer,,Morgan fingerprint bit index 2005
feat_2006,integer,,Morgan fingerprint bit index 2006
feat_2007,integer,,Morgan fingerprint bit index 2007
feat_2008,integer,,Morgan fingerprint bit index 2008
feat_2009,integer,,Morgan fingerprint bit index 2009
feat_2010,integer,,Morgan fingerprint bit index 2010
feat_2011,integer,,Morgan fingerprint bit index 2011
feat_2012,integer,,Morgan fingerprint bit index 2012
feat_2013,integer,,Morgan fingerprint bit index 2013
feat_2014,integer,,Morgan fingerprint bit index 2014
feat_2015,integer,,Morgan fingerprint bit index 2015
feat_2016,integer,,Morgan fingerprint bit index 2016
feat_2017,integer,,Morgan fingerprint bit index 2017
feat_2018,integer,,Morgan fingerprint bit index 2018
feat_2019,integer,,Morgan fingerprint bit index 2019
feat_2020,integer,,Morgan fingerprint bit index 2020
feat_2021,integer,,Morgan fingerprint bit index 2021
feat_2022,integer,,Morgan fingerprint bit index 2022
feat_2023,integer,,Morgan fingerprint bit index 2023
feat_2024,integer,,Morgan fingerprint bit index 2024
feat_2025,integer,,Morgan fingerprint bit index 2025
feat_2026,integer,,Morgan fingerprint bit index 2026
feat_2027,integer,,Morgan fingerprint bit index 2027
feat_2028,integer,,Morgan fingerprint bit index 2028
feat_2029,integer,,Morgan fingerprint bit index 2029
feat_2030,integer,,Morgan fingerprint bit index 2030
feat_2031,integer,,Morgan fingerprint bit index 2031
feat_2032,integer,,Morgan fingerprint bit index 2032
feat_2033,integer,,Morgan fingerprint bit index 2033
feat_2034,integer,,Morgan fingerprint bit index 2034
feat_2035,integer,,Morgan fingerprint bit index 2035
feat_2036,integer,,Morgan fingerprint bit index 2036
feat_2037,integer,,Morgan fingerprint bit index 2037
feat_2038,integer,,Morgan fingerprint bit index 2038
feat_2039,integer,,Morgan fingerprint bit index 2039
feat_2040,integer,,Morgan fingerprint bit index 2040
feat_2041,integer,,Morgan fingerprint bit index 2041
feat_2042,integer,,Morgan fingerprint bit index 2042
feat_2043,integer,,Morgan fingerprint bit index 2043
feat_2044,integer,,Morgan fingerprint bit index 2044
feat_2045,integer,,Morgan fingerprint bit index 2045
feat_2046,integer,,Morgan fingerprint bit index 2046
feat_2047,integer,,Morgan fingerprint bit index 2047
